<annotation>
	<folder></folder>
	<filename>CC_1028370531_60713_png.rf.7f93e32c206834f803e360e83fa20e8c.jpg</filename>
	<path>CC_1028370531_60713_png.rf.7f93e32c206834f803e360e83fa20e8c.jpg</path>
	<source>
		<database>roboflow.ai</database>
	</source>
	<size>
		<width>416</width>
		<height>416</height>
		<depth>3</depth>
	</size>
	<segmented>0</segmented>
	<object>
		<name>mammogram</name>
		<pose>Unspecified</pose>
		<truncated>0</truncated>
		<difficult>0</difficult>
		<occluded>0</occluded>
		<bndbox>
			<xmin>214</xmin>
			<xmax>417</xmax>
			<ymin>74</ymin>
			<ymax>362</ymax>
		</bndbox>
	</object>
</annotation>
