<annotation>
	<folder></folder>
	<filename>CC_1338043961_45323_png.rf.8e2d620b6cf3fcfeaa6a05f03f1c1819.jpg</filename>
	<path>CC_1338043961_45323_png.rf.8e2d620b6cf3fcfeaa6a05f03f1c1819.jpg</path>
	<source>
		<database>roboflow.ai</database>
	</source>
	<size>
		<width>416</width>
		<height>416</height>
		<depth>3</depth>
	</size>
	<segmented>0</segmented>
	<object>
		<name>mammogram</name>
		<pose>Unspecified</pose>
		<truncated>0</truncated>
		<difficult>0</difficult>
		<occluded>0</occluded>
		<bndbox>
			<xmin>259</xmin>
			<xmax>417</xmax>
			<ymin>68</ymin>
			<ymax>358</ymax>
		</bndbox>
	</object>
</annotation>
