<annotation>
	<folder></folder>
	<filename>CC_1705776751_30262_png.rf.25c12ea5b5bb77557dd149cedf7ac2b6.jpg</filename>
	<path>CC_1705776751_30262_png.rf.25c12ea5b5bb77557dd149cedf7ac2b6.jpg</path>
	<source>
		<database>roboflow.ai</database>
	</source>
	<size>
		<width>416</width>
		<height>416</height>
		<depth>3</depth>
	</size>
	<segmented>0</segmented>
	<object>
		<name>mammogram</name>
		<pose>Unspecified</pose>
		<truncated>0</truncated>
		<difficult>0</difficult>
		<occluded>0</occluded>
		<bndbox>
			<xmin>2</xmin>
			<xmax>257</xmax>
			<ymin>9</ymin>
			<ymax>408</ymax>
		</bndbox>
	</object>
</annotation>
