<annotation>
	<folder></folder>
	<filename>CC_1014_1488DDSM_png.rf.73ce84710782ef9b0f5c870518ee3284.jpg</filename>
	<path>CC_1014_1488DDSM_png.rf.73ce84710782ef9b0f5c870518ee3284.jpg</path>
	<source>
		<database>roboflow.ai</database>
	</source>
	<size>
		<width>416</width>
		<height>416</height>
		<depth>3</depth>
	</size>
	<segmented>0</segmented>
	<object>
		<name>mammogram</name>
		<pose>Unspecified</pose>
		<truncated>0</truncated>
		<difficult>0</difficult>
		<occluded>0</occluded>
		<bndbox>
			<xmin>4</xmin>
			<xmax>305</xmax>
			<ymin>42</ymin>
			<ymax>363</ymax>
		</bndbox>
	</object>
</annotation>
