<annotation>
	<folder></folder>
	<filename>CC_1152713088_12735_png.rf.5dd5bd16049ee78a05269e2c45d5ed7a.jpg</filename>
	<path>CC_1152713088_12735_png.rf.5dd5bd16049ee78a05269e2c45d5ed7a.jpg</path>
	<source>
		<database>roboflow.ai</database>
	</source>
	<size>
		<width>416</width>
		<height>416</height>
		<depth>3</depth>
	</size>
	<segmented>0</segmented>
	<object>
		<name>mammogram</name>
		<pose>Unspecified</pose>
		<truncated>0</truncated>
		<difficult>0</difficult>
		<occluded>0</occluded>
		<bndbox>
			<xmin>1</xmin>
			<xmax>241</xmax>
			<ymin>34</ymin>
			<ymax>375</ymax>
		</bndbox>
	</object>
</annotation>
