<annotation>
	<folder></folder>
	<filename>CC_1222121284_10668_png.rf.27c68e82da726c91c06f51ed6873be0f.jpg</filename>
	<path>CC_1222121284_10668_png.rf.27c68e82da726c91c06f51ed6873be0f.jpg</path>
	<source>
		<database>roboflow.ai</database>
	</source>
	<size>
		<width>416</width>
		<height>416</height>
		<depth>3</depth>
	</size>
	<segmented>0</segmented>
	<object>
		<name>mammogram</name>
		<pose>Unspecified</pose>
		<truncated>0</truncated>
		<difficult>0</difficult>
		<occluded>0</occluded>
		<bndbox>
			<xmin>267</xmin>
			<xmax>417</xmax>
			<ymin>40</ymin>
			<ymax>372</ymax>
		</bndbox>
	</object>
</annotation>
