<annotation>
	<folder></folder>
	<filename>CC_144905699_52863_png.rf.f1e4b59139679c0c8992dc87365f24ac.jpg</filename>
	<path>CC_144905699_52863_png.rf.f1e4b59139679c0c8992dc87365f24ac.jpg</path>
	<source>
		<database>roboflow.ai</database>
	</source>
	<size>
		<width>416</width>
		<height>416</height>
		<depth>3</depth>
	</size>
	<segmented>0</segmented>
	<object>
		<name>mammogram</name>
		<pose>Unspecified</pose>
		<truncated>0</truncated>
		<difficult>0</difficult>
		<occluded>0</occluded>
		<bndbox>
			<xmin>2</xmin>
			<xmax>194</xmax>
			<ymin>48</ymin>
			<ymax>398</ymax>
		</bndbox>
	</object>
</annotation>
