<annotation>
	<folder></folder>
	<filename>CC_1854948366_37435_png.rf.32a43dc1b11e9ae2cfc3abfb58f7f500.jpg</filename>
	<path>CC_1854948366_37435_png.rf.32a43dc1b11e9ae2cfc3abfb58f7f500.jpg</path>
	<source>
		<database>roboflow.ai</database>
	</source>
	<size>
		<width>416</width>
		<height>416</height>
		<depth>3</depth>
	</size>
	<segmented>0</segmented>
	<object>
		<name>mammogram</name>
		<pose>Unspecified</pose>
		<truncated>0</truncated>
		<difficult>0</difficult>
		<occluded>0</occluded>
		<bndbox>
			<xmin>233</xmin>
			<xmax>417</xmax>
			<ymin>37</ymin>
			<ymax>350</ymax>
		</bndbox>
	</object>
</annotation>
