<annotation>
	<folder></folder>
	<filename>CC_1695106728_65198_png.rf.133fb37fd991d64228661e9de8ffa69b.jpg</filename>
	<path>CC_1695106728_65198_png.rf.133fb37fd991d64228661e9de8ffa69b.jpg</path>
	<source>
		<database>roboflow.ai</database>
	</source>
	<size>
		<width>416</width>
		<height>416</height>
		<depth>3</depth>
	</size>
	<segmented>0</segmented>
	<object>
		<name>mammogram</name>
		<pose>Unspecified</pose>
		<truncated>0</truncated>
		<difficult>0</difficult>
		<occluded>0</occluded>
		<bndbox>
			<xmin>210</xmin>
			<xmax>417</xmax>
			<ymin>50</ymin>
			<ymax>373</ymax>
		</bndbox>
	</object>
</annotation>
