<annotation>
	<folder></folder>
	<filename>CC_1590_1871DDSM_png.rf.806a4b3dd178980408c804db9ce52464.jpg</filename>
	<path>CC_1590_1871DDSM_png.rf.806a4b3dd178980408c804db9ce52464.jpg</path>
	<source>
		<database>roboflow.ai</database>
	</source>
	<size>
		<width>416</width>
		<height>416</height>
		<depth>3</depth>
	</size>
	<segmented>0</segmented>
	<object>
		<name>mammogram</name>
		<pose>Unspecified</pose>
		<truncated>0</truncated>
		<difficult>0</difficult>
		<occluded>0</occluded>
		<bndbox>
			<xmin>6</xmin>
			<xmax>312</xmax>
			<ymin>49</ymin>
			<ymax>368</ymax>
		</bndbox>
	</object>
</annotation>
