<annotation>
	<folder></folder>
	<filename>CC_1441852710_19014_png.rf.ec77889bf3270c26d0b64dbfff5143b3.jpg</filename>
	<path>CC_1441852710_19014_png.rf.ec77889bf3270c26d0b64dbfff5143b3.jpg</path>
	<source>
		<database>roboflow.ai</database>
	</source>
	<size>
		<width>416</width>
		<height>416</height>
		<depth>3</depth>
	</size>
	<segmented>0</segmented>
	<object>
		<name>mammogram</name>
		<pose>Unspecified</pose>
		<truncated>0</truncated>
		<difficult>0</difficult>
		<occluded>0</occluded>
		<bndbox>
			<xmin>4</xmin>
			<xmax>321</xmax>
			<ymin>2</ymin>
			<ymax>414</ymax>
		</bndbox>
	</object>
</annotation>
