<annotation>
	<folder></folder>
	<filename>CC_1586224451_49485_png.rf.eaa3e2738b2d47503b93c80749ef22ee.jpg</filename>
	<path>CC_1586224451_49485_png.rf.eaa3e2738b2d47503b93c80749ef22ee.jpg</path>
	<source>
		<database>roboflow.ai</database>
	</source>
	<size>
		<width>416</width>
		<height>416</height>
		<depth>3</depth>
	</size>
	<segmented>0</segmented>
	<object>
		<name>mammogram</name>
		<pose>Unspecified</pose>
		<truncated>0</truncated>
		<difficult>0</difficult>
		<occluded>0</occluded>
		<bndbox>
			<xmin>269</xmin>
			<xmax>417</xmax>
			<ymin>10</ymin>
			<ymax>371</ymax>
		</bndbox>
	</object>
</annotation>
