<annotation>
	<folder></folder>
	<filename>CC_1846840029_48939_png.rf.1e7d855007cc97224e2f4855acd6f122.jpg</filename>
	<path>CC_1846840029_48939_png.rf.1e7d855007cc97224e2f4855acd6f122.jpg</path>
	<source>
		<database>roboflow.ai</database>
	</source>
	<size>
		<width>416</width>
		<height>416</height>
		<depth>3</depth>
	</size>
	<segmented>0</segmented>
	<object>
		<name>mammogram</name>
		<pose>Unspecified</pose>
		<truncated>0</truncated>
		<difficult>0</difficult>
		<occluded>0</occluded>
		<bndbox>
			<xmin>197</xmin>
			<xmax>417</xmax>
			<ymin>12</ymin>
			<ymax>371</ymax>
		</bndbox>
	</object>
</annotation>
