<annotation>
	<folder></folder>
	<filename>CC_1687607286_50248_png.rf.20838f3db9ee2b9e5ecd2594d9040a8b.jpg</filename>
	<path>CC_1687607286_50248_png.rf.20838f3db9ee2b9e5ecd2594d9040a8b.jpg</path>
	<source>
		<database>roboflow.ai</database>
	</source>
	<size>
		<width>416</width>
		<height>416</height>
		<depth>3</depth>
	</size>
	<segmented>0</segmented>
	<object>
		<name>mammogram</name>
		<pose>Unspecified</pose>
		<truncated>0</truncated>
		<difficult>0</difficult>
		<occluded>0</occluded>
		<bndbox>
			<xmin>1</xmin>
			<xmax>231</xmax>
			<ymin>57</ymin>
			<ymax>370</ymax>
		</bndbox>
	</object>
</annotation>
