<annotation>
	<folder></folder>
	<filename>CC_1245090607_25323_png.rf.158ea0f3e1e81c00e0c8d82ba42d25b0.jpg</filename>
	<path>CC_1245090607_25323_png.rf.158ea0f3e1e81c00e0c8d82ba42d25b0.jpg</path>
	<source>
		<database>roboflow.ai</database>
	</source>
	<size>
		<width>416</width>
		<height>416</height>
		<depth>3</depth>
	</size>
	<segmented>0</segmented>
	<object>
		<name>mammogram</name>
		<pose>Unspecified</pose>
		<truncated>0</truncated>
		<difficult>0</difficult>
		<occluded>0</occluded>
		<bndbox>
			<xmin>1</xmin>
			<xmax>183</xmax>
			<ymin>28</ymin>
			<ymax>343</ymax>
		</bndbox>
	</object>
</annotation>
