<annotation>
	<folder></folder>
	<filename>CC_150_0043DDSM_png.rf.a19d1f428e89fecff7a179e222bb9f41.jpg</filename>
	<path>CC_150_0043DDSM_png.rf.a19d1f428e89fecff7a179e222bb9f41.jpg</path>
	<source>
		<database>roboflow.ai</database>
	</source>
	<size>
		<width>416</width>
		<height>416</height>
		<depth>3</depth>
	</size>
	<segmented>0</segmented>
	<object>
		<name>mammogram</name>
		<pose>Unspecified</pose>
		<truncated>0</truncated>
		<difficult>0</difficult>
		<occluded>0</occluded>
		<bndbox>
			<xmin>203</xmin>
			<xmax>417</xmax>
			<ymin>51</ymin>
			<ymax>368</ymax>
		</bndbox>
	</object>
</annotation>
