<annotation>
	<folder></folder>
	<filename>CC_1857969319_46225_png.rf.93304830d467c363ad5c05fd8de6b39c.jpg</filename>
	<path>CC_1857969319_46225_png.rf.93304830d467c363ad5c05fd8de6b39c.jpg</path>
	<source>
		<database>roboflow.ai</database>
	</source>
	<size>
		<width>416</width>
		<height>416</height>
		<depth>3</depth>
	</size>
	<segmented>0</segmented>
	<object>
		<name>mammogram</name>
		<pose>Unspecified</pose>
		<truncated>0</truncated>
		<difficult>0</difficult>
		<occluded>0</occluded>
		<bndbox>
			<xmin>173</xmin>
			<xmax>417</xmax>
			<ymin>2</ymin>
			<ymax>351</ymax>
		</bndbox>
	</object>
</annotation>
