<annotation>
	<folder></folder>
	<filename>CC_1802686152_49634_png.rf.151e0fd6ce6a65e4b4937da7f26b6c58.jpg</filename>
	<path>CC_1802686152_49634_png.rf.151e0fd6ce6a65e4b4937da7f26b6c58.jpg</path>
	<source>
		<database>roboflow.ai</database>
	</source>
	<size>
		<width>416</width>
		<height>416</height>
		<depth>3</depth>
	</size>
	<segmented>0</segmented>
	<object>
		<name>mammogram</name>
		<pose>Unspecified</pose>
		<truncated>0</truncated>
		<difficult>0</difficult>
		<occluded>0</occluded>
		<bndbox>
			<xmin>1</xmin>
			<xmax>215</xmax>
			<ymin>50</ymin>
			<ymax>417</ymax>
		</bndbox>
	</object>
</annotation>
