<annotation>
	<folder></folder>
	<filename>CC_1094_1530DDSM_png.rf.9555d3140e17959379a2d264f5496b8e.jpg</filename>
	<path>CC_1094_1530DDSM_png.rf.9555d3140e17959379a2d264f5496b8e.jpg</path>
	<source>
		<database>roboflow.ai</database>
	</source>
	<size>
		<width>416</width>
		<height>416</height>
		<depth>3</depth>
	</size>
	<segmented>0</segmented>
	<object>
		<name>mammogram</name>
		<pose>Unspecified</pose>
		<truncated>0</truncated>
		<difficult>0</difficult>
		<occluded>0</occluded>
		<bndbox>
			<xmin>5</xmin>
			<xmax>281</xmax>
			<ymin>35</ymin>
			<ymax>363</ymax>
		</bndbox>
	</object>
</annotation>
