<annotation>
	<folder></folder>
	<filename>CC_1326732476_1109_png.rf.99653985801d3280426c189bd2f508ae.jpg</filename>
	<path>CC_1326732476_1109_png.rf.99653985801d3280426c189bd2f508ae.jpg</path>
	<source>
		<database>roboflow.ai</database>
	</source>
	<size>
		<width>416</width>
		<height>416</height>
		<depth>3</depth>
	</size>
	<segmented>0</segmented>
	<object>
		<name>mammogram</name>
		<pose>Unspecified</pose>
		<truncated>0</truncated>
		<difficult>0</difficult>
		<occluded>0</occluded>
		<bndbox>
			<xmin>210</xmin>
			<xmax>417</xmax>
			<ymin>2</ymin>
			<ymax>379</ymax>
		</bndbox>
	</object>
</annotation>
