<annotation>
	<folder></folder>
	<filename>CC_1421305744_62945_png.rf.86742ebc39e9c06b37f0f5f8b4d3db14.jpg</filename>
	<path>CC_1421305744_62945_png.rf.86742ebc39e9c06b37f0f5f8b4d3db14.jpg</path>
	<source>
		<database>roboflow.ai</database>
	</source>
	<size>
		<width>416</width>
		<height>416</height>
		<depth>3</depth>
	</size>
	<segmented>0</segmented>
	<object>
		<name>mammogram</name>
		<pose>Unspecified</pose>
		<truncated>0</truncated>
		<difficult>0</difficult>
		<occluded>0</occluded>
		<bndbox>
			<xmin>168</xmin>
			<xmax>417</xmax>
			<ymin>46</ymin>
			<ymax>381</ymax>
		</bndbox>
	</object>
</annotation>
