<annotation>
	<folder></folder>
	<filename>CC_1615664067_3299_png.rf.6e4295fe9c2e6a9c91694981882e54bc.jpg</filename>
	<path>CC_1615664067_3299_png.rf.6e4295fe9c2e6a9c91694981882e54bc.jpg</path>
	<source>
		<database>roboflow.ai</database>
	</source>
	<size>
		<width>416</width>
		<height>416</height>
		<depth>3</depth>
	</size>
	<segmented>0</segmented>
	<object>
		<name>mammogram</name>
		<pose>Unspecified</pose>
		<truncated>0</truncated>
		<difficult>0</difficult>
		<occluded>0</occluded>
		<bndbox>
			<xmin>273</xmin>
			<xmax>417</xmax>
			<ymin>55</ymin>
			<ymax>342</ymax>
		</bndbox>
	</object>
</annotation>
