<annotation>
	<folder></folder>
	<filename>CC_1588431313_33130_png.rf.93e252ee1a43117d7528141dabca7890.jpg</filename>
	<path>CC_1588431313_33130_png.rf.93e252ee1a43117d7528141dabca7890.jpg</path>
	<source>
		<database>roboflow.ai</database>
	</source>
	<size>
		<width>416</width>
		<height>416</height>
		<depth>3</depth>
	</size>
	<segmented>0</segmented>
	<object>
		<name>mammogram</name>
		<pose>Unspecified</pose>
		<truncated>0</truncated>
		<difficult>0</difficult>
		<occluded>0</occluded>
		<bndbox>
			<xmin>96</xmin>
			<xmax>417</xmax>
			<ymin>29</ymin>
			<ymax>379</ymax>
		</bndbox>
	</object>
</annotation>
