<annotation>
	<folder></folder>
	<filename>CC_1133284324_19908_png.rf.1880f7c0a2ed26a704dcbc8db87c4bac.jpg</filename>
	<path>CC_1133284324_19908_png.rf.1880f7c0a2ed26a704dcbc8db87c4bac.jpg</path>
	<source>
		<database>roboflow.ai</database>
	</source>
	<size>
		<width>416</width>
		<height>416</height>
		<depth>3</depth>
	</size>
	<segmented>0</segmented>
	<object>
		<name>mammogram</name>
		<pose>Unspecified</pose>
		<truncated>0</truncated>
		<difficult>0</difficult>
		<occluded>0</occluded>
		<bndbox>
			<xmin>3</xmin>
			<xmax>188</xmax>
			<ymin>83</ymin>
			<ymax>360</ymax>
		</bndbox>
	</object>
</annotation>
