<annotation>
	<folder></folder>
	<filename>CC_1366_1664DDSM_png.rf.6f6426f7c3237bc922463c377bfdc965.jpg</filename>
	<path>CC_1366_1664DDSM_png.rf.6f6426f7c3237bc922463c377bfdc965.jpg</path>
	<source>
		<database>roboflow.ai</database>
	</source>
	<size>
		<width>416</width>
		<height>416</height>
		<depth>3</depth>
	</size>
	<segmented>0</segmented>
	<object>
		<name>mammogram</name>
		<pose>Unspecified</pose>
		<truncated>0</truncated>
		<difficult>0</difficult>
		<occluded>0</occluded>
		<bndbox>
			<xmin>9</xmin>
			<xmax>348</xmax>
			<ymin>45</ymin>
			<ymax>383</ymax>
		</bndbox>
	</object>
</annotation>
