<annotation>
	<folder></folder>
	<filename>CC_155222898_9010_png.rf.5be5f3f139f4932fab645671849bf9ce.jpg</filename>
	<path>CC_155222898_9010_png.rf.5be5f3f139f4932fab645671849bf9ce.jpg</path>
	<source>
		<database>roboflow.ai</database>
	</source>
	<size>
		<width>416</width>
		<height>416</height>
		<depth>3</depth>
	</size>
	<segmented>0</segmented>
	<object>
		<name>mammogram</name>
		<pose>Unspecified</pose>
		<truncated>0</truncated>
		<difficult>0</difficult>
		<occluded>0</occluded>
		<bndbox>
			<xmin>1</xmin>
			<xmax>207</xmax>
			<ymin>6</ymin>
			<ymax>357</ymax>
		</bndbox>
	</object>
</annotation>
