<annotation>
	<folder></folder>
	<filename>CC_1415477144_21957_png.rf.87b8f204761eb14e784dd6d33f01d9f8.jpg</filename>
	<path>CC_1415477144_21957_png.rf.87b8f204761eb14e784dd6d33f01d9f8.jpg</path>
	<source>
		<database>roboflow.ai</database>
	</source>
	<size>
		<width>416</width>
		<height>416</height>
		<depth>3</depth>
	</size>
	<segmented>0</segmented>
	<object>
		<name>mammogram</name>
		<pose>Unspecified</pose>
		<truncated>0</truncated>
		<difficult>0</difficult>
		<occluded>0</occluded>
		<bndbox>
			<xmin>207</xmin>
			<xmax>417</xmax>
			<ymin>4</ymin>
			<ymax>381</ymax>
		</bndbox>
	</object>
</annotation>
