<annotation>
	<folder></folder>
	<filename>CC_1192622105_64897_png.rf.eed7e62dd3cccf7b51d7fbdde3901217.jpg</filename>
	<path>CC_1192622105_64897_png.rf.eed7e62dd3cccf7b51d7fbdde3901217.jpg</path>
	<source>
		<database>roboflow.ai</database>
	</source>
	<size>
		<width>416</width>
		<height>416</height>
		<depth>3</depth>
	</size>
	<segmented>0</segmented>
	<object>
		<name>mammogram</name>
		<pose>Unspecified</pose>
		<truncated>0</truncated>
		<difficult>0</difficult>
		<occluded>0</occluded>
		<bndbox>
			<xmin>1</xmin>
			<xmax>281</xmax>
			<ymin>67</ymin>
			<ymax>388</ymax>
		</bndbox>
	</object>
</annotation>
