<annotation>
	<folder></folder>
	<filename>CC_1802895010_39280_png.rf.18bcf094420b245f2994b791709d678b.jpg</filename>
	<path>CC_1802895010_39280_png.rf.18bcf094420b245f2994b791709d678b.jpg</path>
	<source>
		<database>roboflow.ai</database>
	</source>
	<size>
		<width>416</width>
		<height>416</height>
		<depth>3</depth>
	</size>
	<segmented>0</segmented>
	<object>
		<name>mammogram</name>
		<pose>Unspecified</pose>
		<truncated>0</truncated>
		<difficult>0</difficult>
		<occluded>0</occluded>
		<bndbox>
			<xmin>2</xmin>
			<xmax>417</xmax>
			<ymin>8</ymin>
			<ymax>417</ymax>
		</bndbox>
	</object>
</annotation>
