<annotation>
	<folder></folder>
	<filename>CC_1725277290_32896_png.rf.a41bc7f5a8c609e04020c65b43180f56.jpg</filename>
	<path>CC_1725277290_32896_png.rf.a41bc7f5a8c609e04020c65b43180f56.jpg</path>
	<source>
		<database>roboflow.ai</database>
	</source>
	<size>
		<width>416</width>
		<height>416</height>
		<depth>3</depth>
	</size>
	<segmented>0</segmented>
	<object>
		<name>mammogram</name>
		<pose>Unspecified</pose>
		<truncated>0</truncated>
		<difficult>0</difficult>
		<occluded>0</occluded>
		<bndbox>
			<xmin>250</xmin>
			<xmax>417</xmax>
			<ymin>41</ymin>
			<ymax>399</ymax>
		</bndbox>
	</object>
</annotation>
