<annotation>
	<folder></folder>
	<filename>CC_1758206088_44073_png.rf.5df64bea3f85f7dafb457019b9750f74.jpg</filename>
	<path>CC_1758206088_44073_png.rf.5df64bea3f85f7dafb457019b9750f74.jpg</path>
	<source>
		<database>roboflow.ai</database>
	</source>
	<size>
		<width>416</width>
		<height>416</height>
		<depth>3</depth>
	</size>
	<segmented>0</segmented>
	<object>
		<name>mammogram</name>
		<pose>Unspecified</pose>
		<truncated>0</truncated>
		<difficult>0</difficult>
		<occluded>0</occluded>
		<bndbox>
			<xmin>1</xmin>
			<xmax>218</xmax>
			<ymin>37</ymin>
			<ymax>349</ymax>
		</bndbox>
	</object>
</annotation>
