<annotation>
	<folder></folder>
	<filename>CC_1370201556_22845_png.rf.36918f064fa22d7130c7ce9cfc6481c0.jpg</filename>
	<path>CC_1370201556_22845_png.rf.36918f064fa22d7130c7ce9cfc6481c0.jpg</path>
	<source>
		<database>roboflow.ai</database>
	</source>
	<size>
		<width>416</width>
		<height>416</height>
		<depth>3</depth>
	</size>
	<segmented>0</segmented>
	<object>
		<name>mammogram</name>
		<pose>Unspecified</pose>
		<truncated>0</truncated>
		<difficult>0</difficult>
		<occluded>0</occluded>
		<bndbox>
			<xmin>2</xmin>
			<xmax>144</xmax>
			<ymin>46</ymin>
			<ymax>385</ymax>
		</bndbox>
	</object>
</annotation>
