<annotation>
	<folder></folder>
	<filename>CC_1015929339_16668_png.rf.aa7a1ab2a485826072a2ec4210f86f63.jpg</filename>
	<path>CC_1015929339_16668_png.rf.aa7a1ab2a485826072a2ec4210f86f63.jpg</path>
	<source>
		<database>roboflow.ai</database>
	</source>
	<size>
		<width>416</width>
		<height>416</height>
		<depth>3</depth>
	</size>
	<segmented>0</segmented>
	<object>
		<name>mammogram</name>
		<pose>Unspecified</pose>
		<truncated>0</truncated>
		<difficult>0</difficult>
		<occluded>0</occluded>
		<bndbox>
			<xmin>1</xmin>
			<xmax>253</xmax>
			<ymin>33</ymin>
			<ymax>406</ymax>
		</bndbox>
	</object>
</annotation>
