<annotation>
	<folder></folder>
	<filename>CC_1370_1665DDSM_png.rf.f21cd0d170f5bc513e77bba7a19cd5ce.jpg</filename>
	<path>CC_1370_1665DDSM_png.rf.f21cd0d170f5bc513e77bba7a19cd5ce.jpg</path>
	<source>
		<database>roboflow.ai</database>
	</source>
	<size>
		<width>416</width>
		<height>416</height>
		<depth>3</depth>
	</size>
	<segmented>0</segmented>
	<object>
		<name>mammogram</name>
		<pose>Unspecified</pose>
		<truncated>0</truncated>
		<difficult>0</difficult>
		<occluded>0</occluded>
		<bndbox>
			<xmin>8</xmin>
			<xmax>350</xmax>
			<ymin>36</ymin>
			<ymax>374</ymax>
		</bndbox>
	</object>
</annotation>
