<annotation>
	<folder></folder>
	<filename>CC_1168_1579DDSM_png.rf.f1a6d90d81366c5bc6c03fe61c75814c.jpg</filename>
	<path>CC_1168_1579DDSM_png.rf.f1a6d90d81366c5bc6c03fe61c75814c.jpg</path>
	<source>
		<database>roboflow.ai</database>
	</source>
	<size>
		<width>416</width>
		<height>416</height>
		<depth>3</depth>
	</size>
	<segmented>0</segmented>
	<object>
		<name>mammogram</name>
		<pose>Unspecified</pose>
		<truncated>0</truncated>
		<difficult>0</difficult>
		<occluded>0</occluded>
		<bndbox>
			<xmin>148</xmin>
			<xmax>417</xmax>
			<ymin>31</ymin>
			<ymax>385</ymax>
		</bndbox>
	</object>
</annotation>
