<annotation>
	<folder></folder>
	<filename>CC_1208190426_20932_png.rf.4a98d8046b2bcb95d223cb0efec10f25.jpg</filename>
	<path>CC_1208190426_20932_png.rf.4a98d8046b2bcb95d223cb0efec10f25.jpg</path>
	<source>
		<database>roboflow.ai</database>
	</source>
	<size>
		<width>416</width>
		<height>416</height>
		<depth>3</depth>
	</size>
	<segmented>0</segmented>
	<object>
		<name>mammogram</name>
		<pose>Unspecified</pose>
		<truncated>0</truncated>
		<difficult>0</difficult>
		<occluded>0</occluded>
		<bndbox>
			<xmin>3</xmin>
			<xmax>224</xmax>
			<ymin>50</ymin>
			<ymax>370</ymax>
		</bndbox>
	</object>
</annotation>
