<annotation>
	<folder></folder>
	<filename>CC_1464_1722DDSM_png.rf.2562e6cf69a51f1a9b62a343dca5f308.jpg</filename>
	<path>CC_1464_1722DDSM_png.rf.2562e6cf69a51f1a9b62a343dca5f308.jpg</path>
	<source>
		<database>roboflow.ai</database>
	</source>
	<size>
		<width>416</width>
		<height>416</height>
		<depth>3</depth>
	</size>
	<segmented>0</segmented>
	<object>
		<name>mammogram</name>
		<pose>Unspecified</pose>
		<truncated>0</truncated>
		<difficult>0</difficult>
		<occluded>0</occluded>
		<bndbox>
			<xmin>126</xmin>
			<xmax>417</xmax>
			<ymin>26</ymin>
			<ymax>352</ymax>
		</bndbox>
	</object>
</annotation>
