<annotation>
	<folder></folder>
	<filename>CC_1606094040_61840_png.rf.c717be014d1f32562f2f77d46ba755bb.jpg</filename>
	<path>CC_1606094040_61840_png.rf.c717be014d1f32562f2f77d46ba755bb.jpg</path>
	<source>
		<database>roboflow.ai</database>
	</source>
	<size>
		<width>416</width>
		<height>416</height>
		<depth>3</depth>
	</size>
	<segmented>0</segmented>
	<object>
		<name>mammogram</name>
		<pose>Unspecified</pose>
		<truncated>0</truncated>
		<difficult>0</difficult>
		<occluded>0</occluded>
		<bndbox>
			<xmin>1</xmin>
			<xmax>172</xmax>
			<ymin>27</ymin>
			<ymax>361</ymax>
		</bndbox>
	</object>
</annotation>
