<annotation>
	<folder></folder>
	<filename>CC_1350576272_26232_png.rf.cbc0ccadd85e3ced64b6c54b631333ff.jpg</filename>
	<path>CC_1350576272_26232_png.rf.cbc0ccadd85e3ced64b6c54b631333ff.jpg</path>
	<source>
		<database>roboflow.ai</database>
	</source>
	<size>
		<width>416</width>
		<height>416</height>
		<depth>3</depth>
	</size>
	<segmented>0</segmented>
	<object>
		<name>mammogram</name>
		<pose>Unspecified</pose>
		<truncated>0</truncated>
		<difficult>0</difficult>
		<occluded>0</occluded>
		<bndbox>
			<xmin>1</xmin>
			<xmax>237</xmax>
			<ymin>35</ymin>
			<ymax>368</ymax>
		</bndbox>
	</object>
</annotation>
