<annotation>
	<folder></folder>
	<filename>CC_1574_1849DDSM_png.rf.1069fa8b250a9c0934d264d447fee10e.jpg</filename>
	<path>CC_1574_1849DDSM_png.rf.1069fa8b250a9c0934d264d447fee10e.jpg</path>
	<source>
		<database>roboflow.ai</database>
	</source>
	<size>
		<width>416</width>
		<height>416</height>
		<depth>3</depth>
	</size>
	<segmented>0</segmented>
	<object>
		<name>mammogram</name>
		<pose>Unspecified</pose>
		<truncated>0</truncated>
		<difficult>0</difficult>
		<occluded>0</occluded>
		<bndbox>
			<xmin>4</xmin>
			<xmax>345</xmax>
			<ymin>29</ymin>
			<ymax>381</ymax>
		</bndbox>
	</object>
</annotation>
