<annotation>
	<folder></folder>
	<filename>CC_1519814432_25895_png.rf.76b7eaf452fa3e9f900cd708ed9d31d5.jpg</filename>
	<path>CC_1519814432_25895_png.rf.76b7eaf452fa3e9f900cd708ed9d31d5.jpg</path>
	<source>
		<database>roboflow.ai</database>
	</source>
	<size>
		<width>416</width>
		<height>416</height>
		<depth>3</depth>
	</size>
	<segmented>0</segmented>
	<object>
		<name>mammogram</name>
		<pose>Unspecified</pose>
		<truncated>0</truncated>
		<difficult>0</difficult>
		<occluded>0</occluded>
		<bndbox>
			<xmin>159</xmin>
			<xmax>417</xmax>
			<ymin>4</ymin>
			<ymax>364</ymax>
		</bndbox>
	</object>
</annotation>
