<annotation>
	<folder></folder>
	<filename>CC_1842_3039DDSM_png.rf.8c8e5fa01d1bed7f7654f0d81819547e.jpg</filename>
	<path>CC_1842_3039DDSM_png.rf.8c8e5fa01d1bed7f7654f0d81819547e.jpg</path>
	<source>
		<database>roboflow.ai</database>
	</source>
	<size>
		<width>416</width>
		<height>416</height>
		<depth>3</depth>
	</size>
	<segmented>0</segmented>
	<object>
		<name>mammogram</name>
		<pose>Unspecified</pose>
		<truncated>0</truncated>
		<difficult>0</difficult>
		<occluded>0</occluded>
		<bndbox>
			<xmin>71</xmin>
			<xmax>417</xmax>
			<ymin>24</ymin>
			<ymax>416</ymax>
		</bndbox>
	</object>
</annotation>
