<annotation>
	<folder></folder>
	<filename>CC_1622532930_53776_png.rf.f8da69f6a99daeaf3a1534711836e5a0.jpg</filename>
	<path>CC_1622532930_53776_png.rf.f8da69f6a99daeaf3a1534711836e5a0.jpg</path>
	<source>
		<database>roboflow.ai</database>
	</source>
	<size>
		<width>416</width>
		<height>416</height>
		<depth>3</depth>
	</size>
	<segmented>0</segmented>
	<object>
		<name>mammogram</name>
		<pose>Unspecified</pose>
		<truncated>0</truncated>
		<difficult>0</difficult>
		<occluded>0</occluded>
		<bndbox>
			<xmin>170</xmin>
			<xmax>417</xmax>
			<ymin>15</ymin>
			<ymax>394</ymax>
		</bndbox>
	</object>
</annotation>
