<annotation>
	<folder></folder>
	<filename>CC_1786_3024DDSM_png.rf.e8d98dad2f227e8adaaddea17f0014b2.jpg</filename>
	<path>CC_1786_3024DDSM_png.rf.e8d98dad2f227e8adaaddea17f0014b2.jpg</path>
	<source>
		<database>roboflow.ai</database>
	</source>
	<size>
		<width>416</width>
		<height>416</height>
		<depth>3</depth>
	</size>
	<segmented>0</segmented>
	<object>
		<name>mammogram</name>
		<pose>Unspecified</pose>
		<truncated>0</truncated>
		<difficult>0</difficult>
		<occluded>0</occluded>
		<bndbox>
			<xmin>283</xmin>
			<xmax>417</xmax>
			<ymin>78</ymin>
			<ymax>337</ymax>
		</bndbox>
	</object>
</annotation>
