<annotation>
	<folder></folder>
	<filename>CC_1053554375_51118_png.rf.216c579164e75cf04667c0f1436b4edf.jpg</filename>
	<path>CC_1053554375_51118_png.rf.216c579164e75cf04667c0f1436b4edf.jpg</path>
	<source>
		<database>roboflow.ai</database>
	</source>
	<size>
		<width>416</width>
		<height>416</height>
		<depth>3</depth>
	</size>
	<segmented>0</segmented>
	<object>
		<name>mammogram</name>
		<pose>Unspecified</pose>
		<truncated>0</truncated>
		<difficult>0</difficult>
		<occluded>0</occluded>
		<bndbox>
			<xmin>1</xmin>
			<xmax>137</xmax>
			<ymin>22</ymin>
			<ymax>341</ymax>
		</bndbox>
	</object>
</annotation>
