<annotation>
	<folder></folder>
	<filename>CC_1844_3040DDSM_png.rf.8b14c3c1200cd8656ace3a8c7dc49330.jpg</filename>
	<path>CC_1844_3040DDSM_png.rf.8b14c3c1200cd8656ace3a8c7dc49330.jpg</path>
	<source>
		<database>roboflow.ai</database>
	</source>
	<size>
		<width>416</width>
		<height>416</height>
		<depth>3</depth>
	</size>
	<segmented>0</segmented>
	<object>
		<name>mammogram</name>
		<pose>Unspecified</pose>
		<truncated>0</truncated>
		<difficult>0</difficult>
		<occluded>0</occluded>
		<bndbox>
			<xmin>1</xmin>
			<xmax>349</xmax>
			<ymin>32</ymin>
			<ymax>380</ymax>
		</bndbox>
	</object>
</annotation>
