<annotation>
	<folder></folder>
	<filename>CC_1690_1931DDSM_png.rf.1c257a81abbdb70b9487563f7eb6358c.jpg</filename>
	<path>CC_1690_1931DDSM_png.rf.1c257a81abbdb70b9487563f7eb6358c.jpg</path>
	<source>
		<database>roboflow.ai</database>
	</source>
	<size>
		<width>416</width>
		<height>416</height>
		<depth>3</depth>
	</size>
	<segmented>0</segmented>
	<object>
		<name>mammogram</name>
		<pose>Unspecified</pose>
		<truncated>0</truncated>
		<difficult>0</difficult>
		<occluded>0</occluded>
		<bndbox>
			<xmin>13</xmin>
			<xmax>278</xmax>
			<ymin>52</ymin>
			<ymax>378</ymax>
		</bndbox>
	</object>
</annotation>
