<annotation>
	<folder></folder>
	<filename>CC_191907525_59609_png.rf.4129d53dc35e6bb8bdf55848d472c26b.jpg</filename>
	<path>CC_191907525_59609_png.rf.4129d53dc35e6bb8bdf55848d472c26b.jpg</path>
	<source>
		<database>roboflow.ai</database>
	</source>
	<size>
		<width>416</width>
		<height>416</height>
		<depth>3</depth>
	</size>
	<segmented>0</segmented>
	<object>
		<name>mammogram</name>
		<pose>Unspecified</pose>
		<truncated>0</truncated>
		<difficult>0</difficult>
		<occluded>0</occluded>
		<bndbox>
			<xmin>1</xmin>
			<xmax>240</xmax>
			<ymin>4</ymin>
			<ymax>392</ymax>
		</bndbox>
	</object>
</annotation>
