<annotation>
	<folder></folder>
	<filename>CC_1771078884_15924_png.rf.f393689788829c479c809de6a9caac02.jpg</filename>
	<path>CC_1771078884_15924_png.rf.f393689788829c479c809de6a9caac02.jpg</path>
	<source>
		<database>roboflow.ai</database>
	</source>
	<size>
		<width>416</width>
		<height>416</height>
		<depth>3</depth>
	</size>
	<segmented>0</segmented>
	<object>
		<name>mammogram</name>
		<pose>Unspecified</pose>
		<truncated>0</truncated>
		<difficult>0</difficult>
		<occluded>0</occluded>
		<bndbox>
			<xmin>2</xmin>
			<xmax>296</xmax>
			<ymin>51</ymin>
			<ymax>403</ymax>
		</bndbox>
	</object>
</annotation>
