<annotation>
	<folder></folder>
	<filename>CC_1434430689_9851_png.rf.64e2bb90c49a1db5d177310f00d5e5c6.jpg</filename>
	<path>CC_1434430689_9851_png.rf.64e2bb90c49a1db5d177310f00d5e5c6.jpg</path>
	<source>
		<database>roboflow.ai</database>
	</source>
	<size>
		<width>416</width>
		<height>416</height>
		<depth>3</depth>
	</size>
	<segmented>0</segmented>
	<object>
		<name>mammogram</name>
		<pose>Unspecified</pose>
		<truncated>0</truncated>
		<difficult>0</difficult>
		<occluded>0</occluded>
		<bndbox>
			<xmin>1</xmin>
			<xmax>287</xmax>
			<ymin>32</ymin>
			<ymax>390</ymax>
		</bndbox>
	</object>
</annotation>
