<annotation>
	<folder></folder>
	<filename>CC_1496104302_42160_png.rf.018563cf98b4252615df6d207f397918.jpg</filename>
	<path>CC_1496104302_42160_png.rf.018563cf98b4252615df6d207f397918.jpg</path>
	<source>
		<database>roboflow.ai</database>
	</source>
	<size>
		<width>416</width>
		<height>416</height>
		<depth>3</depth>
	</size>
	<segmented>0</segmented>
	<object>
		<name>mammogram</name>
		<pose>Unspecified</pose>
		<truncated>0</truncated>
		<difficult>0</difficult>
		<occluded>0</occluded>
		<bndbox>
			<xmin>1</xmin>
			<xmax>264</xmax>
			<ymin>18</ymin>
			<ymax>374</ymax>
		</bndbox>
	</object>
</annotation>
