<annotation>
	<folder></folder>
	<filename>CC_1065799163_32841_png.rf.6ce0e0752108b51217149b8e4218eed9.jpg</filename>
	<path>CC_1065799163_32841_png.rf.6ce0e0752108b51217149b8e4218eed9.jpg</path>
	<source>
		<database>roboflow.ai</database>
	</source>
	<size>
		<width>416</width>
		<height>416</height>
		<depth>3</depth>
	</size>
	<segmented>0</segmented>
	<object>
		<name>mammogram</name>
		<pose>Unspecified</pose>
		<truncated>0</truncated>
		<difficult>0</difficult>
		<occluded>0</occluded>
		<bndbox>
			<xmin>1</xmin>
			<xmax>203</xmax>
			<ymin>23</ymin>
			<ymax>388</ymax>
		</bndbox>
	</object>
</annotation>
