<annotation>
	<folder></folder>
	<filename>CC_1260744881_21111_png.rf.3489f68bdd016a6050321f629fbb0354.jpg</filename>
	<path>CC_1260744881_21111_png.rf.3489f68bdd016a6050321f629fbb0354.jpg</path>
	<source>
		<database>roboflow.ai</database>
	</source>
	<size>
		<width>416</width>
		<height>416</height>
		<depth>3</depth>
	</size>
	<segmented>0</segmented>
	<object>
		<name>mammogram</name>
		<pose>Unspecified</pose>
		<truncated>0</truncated>
		<difficult>0</difficult>
		<occluded>0</occluded>
		<bndbox>
			<xmin>249</xmin>
			<xmax>417</xmax>
			<ymin>71</ymin>
			<ymax>383</ymax>
		</bndbox>
	</object>
</annotation>
