<annotation>
	<folder></folder>
	<filename>CC_118_0035DDSM_png.rf.920c935832c336c0c8d04f66b16582e2.jpg</filename>
	<path>CC_118_0035DDSM_png.rf.920c935832c336c0c8d04f66b16582e2.jpg</path>
	<source>
		<database>roboflow.ai</database>
	</source>
	<size>
		<width>416</width>
		<height>416</height>
		<depth>3</depth>
	</size>
	<segmented>0</segmented>
	<object>
		<name>mammogram</name>
		<pose>Unspecified</pose>
		<truncated>0</truncated>
		<difficult>0</difficult>
		<occluded>0</occluded>
		<bndbox>
			<xmin>182</xmin>
			<xmax>417</xmax>
			<ymin>5</ymin>
			<ymax>364</ymax>
		</bndbox>
	</object>
</annotation>
