<annotation>
	<folder></folder>
	<filename>CC_1558204418_10424_png.rf.a9cda81a2ab731d0d0bfbf784a2a6164.jpg</filename>
	<path>CC_1558204418_10424_png.rf.a9cda81a2ab731d0d0bfbf784a2a6164.jpg</path>
	<source>
		<database>roboflow.ai</database>
	</source>
	<size>
		<width>416</width>
		<height>416</height>
		<depth>3</depth>
	</size>
	<segmented>0</segmented>
	<object>
		<name>mammogram</name>
		<pose>Unspecified</pose>
		<truncated>0</truncated>
		<difficult>0</difficult>
		<occluded>0</occluded>
		<bndbox>
			<xmin>197</xmin>
			<xmax>417</xmax>
			<ymin>2</ymin>
			<ymax>348</ymax>
		</bndbox>
	</object>
</annotation>
