<annotation>
	<folder></folder>
	<filename>CC_1151311926_59110_png.rf.dc3dbe905e54a0d77b5b0805de6d8917.jpg</filename>
	<path>CC_1151311926_59110_png.rf.dc3dbe905e54a0d77b5b0805de6d8917.jpg</path>
	<source>
		<database>roboflow.ai</database>
	</source>
	<size>
		<width>416</width>
		<height>416</height>
		<depth>3</depth>
	</size>
	<segmented>0</segmented>
	<object>
		<name>mammogram</name>
		<pose>Unspecified</pose>
		<truncated>0</truncated>
		<difficult>0</difficult>
		<occluded>0</occluded>
		<bndbox>
			<xmin>77</xmin>
			<xmax>417</xmax>
			<ymin>1</ymin>
			<ymax>415</ymax>
		</bndbox>
	</object>
</annotation>
