<annotation>
	<folder></folder>
	<filename>CC_1767104445_43323_png.rf.6b16102ddf8c1ee1f78ee4c4e6634738.jpg</filename>
	<path>CC_1767104445_43323_png.rf.6b16102ddf8c1ee1f78ee4c4e6634738.jpg</path>
	<source>
		<database>roboflow.ai</database>
	</source>
	<size>
		<width>416</width>
		<height>416</height>
		<depth>3</depth>
	</size>
	<segmented>0</segmented>
	<object>
		<name>mammogram</name>
		<pose>Unspecified</pose>
		<truncated>0</truncated>
		<difficult>0</difficult>
		<occluded>0</occluded>
		<bndbox>
			<xmin>1</xmin>
			<xmax>111</xmax>
			<ymin>41</ymin>
			<ymax>346</ymax>
		</bndbox>
	</object>
</annotation>
