<annotation>
	<folder></folder>
	<filename>CC_1318_1639DDSM_png.rf.e82dce38159fe3952980a2a9dbc9f9b9.jpg</filename>
	<path>CC_1318_1639DDSM_png.rf.e82dce38159fe3952980a2a9dbc9f9b9.jpg</path>
	<source>
		<database>roboflow.ai</database>
	</source>
	<size>
		<width>416</width>
		<height>416</height>
		<depth>3</depth>
	</size>
	<segmented>0</segmented>
	<object>
		<name>mammogram</name>
		<pose>Unspecified</pose>
		<truncated>0</truncated>
		<difficult>0</difficult>
		<occluded>0</occluded>
		<bndbox>
			<xmin>4</xmin>
			<xmax>329</xmax>
			<ymin>56</ymin>
			<ymax>347</ymax>
		</bndbox>
	</object>
</annotation>
