<annotation>
	<folder></folder>
	<filename>CC_1475901500_1336_png.rf.0a44670149150670efd701f3bcb1b9ae.jpg</filename>
	<path>CC_1475901500_1336_png.rf.0a44670149150670efd701f3bcb1b9ae.jpg</path>
	<source>
		<database>roboflow.ai</database>
	</source>
	<size>
		<width>416</width>
		<height>416</height>
		<depth>3</depth>
	</size>
	<segmented>0</segmented>
	<object>
		<name>mammogram</name>
		<pose>Unspecified</pose>
		<truncated>0</truncated>
		<difficult>0</difficult>
		<occluded>0</occluded>
		<bndbox>
			<xmin>1</xmin>
			<xmax>185</xmax>
			<ymin>67</ymin>
			<ymax>374</ymax>
		</bndbox>
	</object>
</annotation>
