<annotation>
	<folder></folder>
	<filename>CC_1256_1619DDSM_png.rf.7c2f43cdcd8d379c8821ac3a2e729b7e.jpg</filename>
	<path>CC_1256_1619DDSM_png.rf.7c2f43cdcd8d379c8821ac3a2e729b7e.jpg</path>
	<source>
		<database>roboflow.ai</database>
	</source>
	<size>
		<width>416</width>
		<height>416</height>
		<depth>3</depth>
	</size>
	<segmented>0</segmented>
	<object>
		<name>mammogram</name>
		<pose>Unspecified</pose>
		<truncated>0</truncated>
		<difficult>0</difficult>
		<occluded>0</occluded>
		<bndbox>
			<xmin>42</xmin>
			<xmax>417</xmax>
			<ymin>20</ymin>
			<ymax>365</ymax>
		</bndbox>
	</object>
</annotation>
