<annotation>
	<folder></folder>
	<filename>CC_1738_3011DDSM_png.rf.78fa39501578236e0cbc654b8e53e7bf.jpg</filename>
	<path>CC_1738_3011DDSM_png.rf.78fa39501578236e0cbc654b8e53e7bf.jpg</path>
	<source>
		<database>roboflow.ai</database>
	</source>
	<size>
		<width>416</width>
		<height>416</height>
		<depth>3</depth>
	</size>
	<segmented>0</segmented>
	<object>
		<name>mammogram</name>
		<pose>Unspecified</pose>
		<truncated>0</truncated>
		<difficult>0</difficult>
		<occluded>0</occluded>
		<bndbox>
			<xmin>50</xmin>
			<xmax>417</xmax>
			<ymin>40</ymin>
			<ymax>413</ymax>
		</bndbox>
	</object>
</annotation>
