<annotation>
	<folder></folder>
	<filename>CC_1270_1622DDSM_png.rf.66ebc2198b91841ed4ff2395c56ce532.jpg</filename>
	<path>CC_1270_1622DDSM_png.rf.66ebc2198b91841ed4ff2395c56ce532.jpg</path>
	<source>
		<database>roboflow.ai</database>
	</source>
	<size>
		<width>416</width>
		<height>416</height>
		<depth>3</depth>
	</size>
	<segmented>0</segmented>
	<object>
		<name>mammogram</name>
		<pose>Unspecified</pose>
		<truncated>0</truncated>
		<difficult>0</difficult>
		<occluded>0</occluded>
		<bndbox>
			<xmin>9</xmin>
			<xmax>325</xmax>
			<ymin>31</ymin>
			<ymax>380</ymax>
		</bndbox>
	</object>
</annotation>
