<annotation>
	<folder></folder>
	<filename>CC_1245656905_65077_png.rf.391a488fcdf21e265989ee9603401224.jpg</filename>
	<path>CC_1245656905_65077_png.rf.391a488fcdf21e265989ee9603401224.jpg</path>
	<source>
		<database>roboflow.ai</database>
	</source>
	<size>
		<width>416</width>
		<height>416</height>
		<depth>3</depth>
	</size>
	<segmented>0</segmented>
	<object>
		<name>mammogram</name>
		<pose>Unspecified</pose>
		<truncated>0</truncated>
		<difficult>0</difficult>
		<occluded>0</occluded>
		<bndbox>
			<xmin>121</xmin>
			<xmax>416</xmax>
			<ymin>11</ymin>
			<ymax>417</ymax>
		</bndbox>
	</object>
</annotation>
