<annotation>
	<folder></folder>
	<filename>CC_1515316856_46309_png.rf.e5394baa8efed8fbaf4b585168576633.jpg</filename>
	<path>CC_1515316856_46309_png.rf.e5394baa8efed8fbaf4b585168576633.jpg</path>
	<source>
		<database>roboflow.ai</database>
	</source>
	<size>
		<width>416</width>
		<height>416</height>
		<depth>3</depth>
	</size>
	<segmented>0</segmented>
	<object>
		<name>mammogram</name>
		<pose>Unspecified</pose>
		<truncated>0</truncated>
		<difficult>0</difficult>
		<occluded>0</occluded>
		<bndbox>
			<xmin>115</xmin>
			<xmax>417</xmax>
			<ymin>24</ymin>
			<ymax>389</ymax>
		</bndbox>
	</object>
</annotation>
