<annotation>
	<folder></folder>
	<filename>CC_1777590188_48917_png.rf.4d03167f50010bfb0f03207563ad0ffe.jpg</filename>
	<path>CC_1777590188_48917_png.rf.4d03167f50010bfb0f03207563ad0ffe.jpg</path>
	<source>
		<database>roboflow.ai</database>
	</source>
	<size>
		<width>416</width>
		<height>416</height>
		<depth>3</depth>
	</size>
	<segmented>0</segmented>
	<object>
		<name>mammogram</name>
		<pose>Unspecified</pose>
		<truncated>0</truncated>
		<difficult>0</difficult>
		<occluded>0</occluded>
		<bndbox>
			<xmin>1</xmin>
			<xmax>163</xmax>
			<ymin>67</ymin>
			<ymax>365</ymax>
		</bndbox>
	</object>
</annotation>
