<annotation>
	<folder></folder>
	<filename>CC_156_0045DDSM_png.rf.ae761b0667e0549d3708d3c61368b726.jpg</filename>
	<path>CC_156_0045DDSM_png.rf.ae761b0667e0549d3708d3c61368b726.jpg</path>
	<source>
		<database>roboflow.ai</database>
	</source>
	<size>
		<width>416</width>
		<height>416</height>
		<depth>3</depth>
	</size>
	<segmented>0</segmented>
	<object>
		<name>mammogram</name>
		<pose>Unspecified</pose>
		<truncated>0</truncated>
		<difficult>0</difficult>
		<occluded>0</occluded>
		<bndbox>
			<xmin>1</xmin>
			<xmax>302</xmax>
			<ymin>26</ymin>
			<ymax>344</ymax>
		</bndbox>
	</object>
</annotation>
