<annotation>
	<folder></folder>
	<filename>CC_1816604050_39677_png.rf.c30510e8ace96e6b239c504196a98575.jpg</filename>
	<path>CC_1816604050_39677_png.rf.c30510e8ace96e6b239c504196a98575.jpg</path>
	<source>
		<database>roboflow.ai</database>
	</source>
	<size>
		<width>416</width>
		<height>416</height>
		<depth>3</depth>
	</size>
	<segmented>0</segmented>
	<object>
		<name>mammogram</name>
		<pose>Unspecified</pose>
		<truncated>0</truncated>
		<difficult>0</difficult>
		<occluded>0</occluded>
		<bndbox>
			<xmin>1</xmin>
			<xmax>330</xmax>
			<ymin>3</ymin>
			<ymax>394</ymax>
		</bndbox>
	</object>
</annotation>
