<annotation>
	<folder></folder>
	<filename>CC_173391741_1293_png.rf.f12703d96c9005d79271289aa9a43dfa.jpg</filename>
	<path>CC_173391741_1293_png.rf.f12703d96c9005d79271289aa9a43dfa.jpg</path>
	<source>
		<database>roboflow.ai</database>
	</source>
	<size>
		<width>416</width>
		<height>416</height>
		<depth>3</depth>
	</size>
	<segmented>0</segmented>
	<object>
		<name>mammogram</name>
		<pose>Unspecified</pose>
		<truncated>0</truncated>
		<difficult>0</difficult>
		<occluded>0</occluded>
		<bndbox>
			<xmin>193</xmin>
			<xmax>417</xmax>
			<ymin>4</ymin>
			<ymax>408</ymax>
		</bndbox>
	</object>
</annotation>
