<annotation>
	<folder></folder>
	<filename>CC_1859359602_4287_png.rf.d763548ff3a1ff58dec9b4dc4d065efe.jpg</filename>
	<path>CC_1859359602_4287_png.rf.d763548ff3a1ff58dec9b4dc4d065efe.jpg</path>
	<source>
		<database>roboflow.ai</database>
	</source>
	<size>
		<width>416</width>
		<height>416</height>
		<depth>3</depth>
	</size>
	<segmented>0</segmented>
	<object>
		<name>mammogram</name>
		<pose>Unspecified</pose>
		<truncated>0</truncated>
		<difficult>0</difficult>
		<occluded>0</occluded>
		<bndbox>
			<xmin>1</xmin>
			<xmax>145</xmax>
			<ymin>66</ymin>
			<ymax>324</ymax>
		</bndbox>
	</object>
</annotation>
