<annotation>
	<folder></folder>
	<filename>CC_1877561618_46422_png.rf.1d7c590c9ff668419a243afc33e1dec3.jpg</filename>
	<path>CC_1877561618_46422_png.rf.1d7c590c9ff668419a243afc33e1dec3.jpg</path>
	<source>
		<database>roboflow.ai</database>
	</source>
	<size>
		<width>416</width>
		<height>416</height>
		<depth>3</depth>
	</size>
	<segmented>0</segmented>
	<object>
		<name>mammogram</name>
		<pose>Unspecified</pose>
		<truncated>0</truncated>
		<difficult>0</difficult>
		<occluded>0</occluded>
		<bndbox>
			<xmin>1</xmin>
			<xmax>417</xmax>
			<ymin>7</ymin>
			<ymax>417</ymax>
		</bndbox>
	</object>
</annotation>
