<annotation>
	<folder></folder>
	<filename>CC_1456_1720DDSM_png.rf.44bf07d27ccad8d2389143eba026ad07.jpg</filename>
	<path>CC_1456_1720DDSM_png.rf.44bf07d27ccad8d2389143eba026ad07.jpg</path>
	<source>
		<database>roboflow.ai</database>
	</source>
	<size>
		<width>416</width>
		<height>416</height>
		<depth>3</depth>
	</size>
	<segmented>0</segmented>
	<object>
		<name>mammogram</name>
		<pose>Unspecified</pose>
		<truncated>0</truncated>
		<difficult>0</difficult>
		<occluded>0</occluded>
		<bndbox>
			<xmin>105</xmin>
			<xmax>417</xmax>
			<ymin>20</ymin>
			<ymax>386</ymax>
		</bndbox>
	</object>
</annotation>
