<annotation>
	<folder></folder>
	<filename>CC_1368532850_32801_png.rf.2f187a87961aa85745146a3c61a2b8a2.jpg</filename>
	<path>CC_1368532850_32801_png.rf.2f187a87961aa85745146a3c61a2b8a2.jpg</path>
	<source>
		<database>roboflow.ai</database>
	</source>
	<size>
		<width>416</width>
		<height>416</height>
		<depth>3</depth>
	</size>
	<segmented>0</segmented>
	<object>
		<name>mammogram</name>
		<pose>Unspecified</pose>
		<truncated>0</truncated>
		<difficult>0</difficult>
		<occluded>0</occluded>
		<bndbox>
			<xmin>83</xmin>
			<xmax>417</xmax>
			<ymin>5</ymin>
			<ymax>415</ymax>
		</bndbox>
	</object>
</annotation>
