<annotation>
	<folder></folder>
	<filename>CC_1655223848_38537_png.rf.f203dc302ec4413fa271b50526d87451.jpg</filename>
	<path>CC_1655223848_38537_png.rf.f203dc302ec4413fa271b50526d87451.jpg</path>
	<source>
		<database>roboflow.ai</database>
	</source>
	<size>
		<width>416</width>
		<height>416</height>
		<depth>3</depth>
	</size>
	<segmented>0</segmented>
	<object>
		<name>mammogram</name>
		<pose>Unspecified</pose>
		<truncated>0</truncated>
		<difficult>0</difficult>
		<occluded>0</occluded>
		<bndbox>
			<xmin>1</xmin>
			<xmax>282</xmax>
			<ymin>33</ymin>
			<ymax>393</ymax>
		</bndbox>
	</object>
</annotation>
