<annotation>
	<folder></folder>
	<filename>CC_1248_1617DDSM_png.rf.2b39176a385b11c91a418142058c0341.jpg</filename>
	<path>CC_1248_1617DDSM_png.rf.2b39176a385b11c91a418142058c0341.jpg</path>
	<source>
		<database>roboflow.ai</database>
	</source>
	<size>
		<width>416</width>
		<height>416</height>
		<depth>3</depth>
	</size>
	<segmented>0</segmented>
	<object>
		<name>mammogram</name>
		<pose>Unspecified</pose>
		<truncated>0</truncated>
		<difficult>0</difficult>
		<occluded>0</occluded>
		<bndbox>
			<xmin>88</xmin>
			<xmax>417</xmax>
			<ymin>42</ymin>
			<ymax>358</ymax>
		</bndbox>
	</object>
</annotation>
