<annotation>
	<folder></folder>
	<filename>CC_1201889471_25909_png.rf.49dcabc9b070498457db16495e0c00d6.jpg</filename>
	<path>CC_1201889471_25909_png.rf.49dcabc9b070498457db16495e0c00d6.jpg</path>
	<source>
		<database>roboflow.ai</database>
	</source>
	<size>
		<width>416</width>
		<height>416</height>
		<depth>3</depth>
	</size>
	<segmented>0</segmented>
	<object>
		<name>mammogram</name>
		<pose>Unspecified</pose>
		<truncated>0</truncated>
		<difficult>0</difficult>
		<occluded>0</occluded>
		<bndbox>
			<xmin>171</xmin>
			<xmax>417</xmax>
			<ymin>57</ymin>
			<ymax>343</ymax>
		</bndbox>
	</object>
</annotation>
