<annotation>
	<folder></folder>
	<filename>CC_1776_3022DDSM_png.rf.07d63394a7ee5db8bd129139f0ac83be.jpg</filename>
	<path>CC_1776_3022DDSM_png.rf.07d63394a7ee5db8bd129139f0ac83be.jpg</path>
	<source>
		<database>roboflow.ai</database>
	</source>
	<size>
		<width>416</width>
		<height>416</height>
		<depth>3</depth>
	</size>
	<segmented>0</segmented>
	<object>
		<name>mammogram</name>
		<pose>Unspecified</pose>
		<truncated>0</truncated>
		<difficult>0</difficult>
		<occluded>0</occluded>
		<bndbox>
			<xmin>1</xmin>
			<xmax>305</xmax>
			<ymin>45</ymin>
			<ymax>391</ymax>
		</bndbox>
	</object>
</annotation>
