<annotation>
	<folder></folder>
	<filename>CC_1769622838_11909_png.rf.daec9c004867144e0562c167f7afecd9.jpg</filename>
	<path>CC_1769622838_11909_png.rf.daec9c004867144e0562c167f7afecd9.jpg</path>
	<source>
		<database>roboflow.ai</database>
	</source>
	<size>
		<width>416</width>
		<height>416</height>
		<depth>3</depth>
	</size>
	<segmented>0</segmented>
	<object>
		<name>mammogram</name>
		<pose>Unspecified</pose>
		<truncated>0</truncated>
		<difficult>0</difficult>
		<occluded>0</occluded>
		<bndbox>
			<xmin>1</xmin>
			<xmax>223</xmax>
			<ymin>44</ymin>
			<ymax>369</ymax>
		</bndbox>
	</object>
</annotation>
