<annotation>
	<folder></folder>
	<filename>CC_1394148389_41010_png.rf.9b532292e86ca10f9429b0d2406b2b65.jpg</filename>
	<path>CC_1394148389_41010_png.rf.9b532292e86ca10f9429b0d2406b2b65.jpg</path>
	<source>
		<database>roboflow.ai</database>
	</source>
	<size>
		<width>416</width>
		<height>416</height>
		<depth>3</depth>
	</size>
	<segmented>0</segmented>
	<object>
		<name>mammogram</name>
		<pose>Unspecified</pose>
		<truncated>0</truncated>
		<difficult>0</difficult>
		<occluded>0</occluded>
		<bndbox>
			<xmin>256</xmin>
			<xmax>417</xmax>
			<ymin>7</ymin>
			<ymax>329</ymax>
		</bndbox>
	</object>
</annotation>
