<annotation>
	<folder></folder>
	<filename>CC_1594_1872DDSM_png.rf.84deb3e926e245dd3aff40a40b184f3e.jpg</filename>
	<path>CC_1594_1872DDSM_png.rf.84deb3e926e245dd3aff40a40b184f3e.jpg</path>
	<source>
		<database>roboflow.ai</database>
	</source>
	<size>
		<width>416</width>
		<height>416</height>
		<depth>3</depth>
	</size>
	<segmented>0</segmented>
	<object>
		<name>mammogram</name>
		<pose>Unspecified</pose>
		<truncated>0</truncated>
		<difficult>0</difficult>
		<occluded>0</occluded>
		<bndbox>
			<xmin>4</xmin>
			<xmax>352</xmax>
			<ymin>38</ymin>
			<ymax>368</ymax>
		</bndbox>
	</object>
</annotation>
