<annotation>
	<folder></folder>
	<filename>CC_1214090918_54671_png.rf.7086127048fe8abb2c4eb361975737eb.jpg</filename>
	<path>CC_1214090918_54671_png.rf.7086127048fe8abb2c4eb361975737eb.jpg</path>
	<source>
		<database>roboflow.ai</database>
	</source>
	<size>
		<width>416</width>
		<height>416</height>
		<depth>3</depth>
	</size>
	<segmented>0</segmented>
	<object>
		<name>mammogram</name>
		<pose>Unspecified</pose>
		<truncated>0</truncated>
		<difficult>0</difficult>
		<occluded>0</occluded>
		<bndbox>
			<xmin>1</xmin>
			<xmax>148</xmax>
			<ymin>13</ymin>
			<ymax>389</ymax>
		</bndbox>
	</object>
</annotation>
