<annotation>
	<folder></folder>
	<filename>CC_118903240_2676_png.rf.3e75b6c12cc5c0b3d4e174fcae504050.jpg</filename>
	<path>CC_118903240_2676_png.rf.3e75b6c12cc5c0b3d4e174fcae504050.jpg</path>
	<source>
		<database>roboflow.ai</database>
	</source>
	<size>
		<width>416</width>
		<height>416</height>
		<depth>3</depth>
	</size>
	<segmented>0</segmented>
	<object>
		<name>mammogram</name>
		<pose>Unspecified</pose>
		<truncated>0</truncated>
		<difficult>0</difficult>
		<occluded>0</occluded>
		<bndbox>
			<xmin>3</xmin>
			<xmax>185</xmax>
			<ymin>68</ymin>
			<ymax>372</ymax>
		</bndbox>
	</object>
</annotation>
