<annotation>
	<folder></folder>
	<filename>CC_1940600237_29404_png.rf.32a94fbf2df03d56a06fe471c18fff32.jpg</filename>
	<path>CC_1940600237_29404_png.rf.32a94fbf2df03d56a06fe471c18fff32.jpg</path>
	<source>
		<database>roboflow.ai</database>
	</source>
	<size>
		<width>416</width>
		<height>416</height>
		<depth>3</depth>
	</size>
	<segmented>0</segmented>
	<object>
		<name>mammogram</name>
		<pose>Unspecified</pose>
		<truncated>0</truncated>
		<difficult>0</difficult>
		<occluded>0</occluded>
		<bndbox>
			<xmin>1</xmin>
			<xmax>326</xmax>
			<ymin>19</ymin>
			<ymax>407</ymax>
		</bndbox>
	</object>
</annotation>
