<annotation>
	<folder></folder>
	<filename>CC_1218121780_48001_png.rf.5e9e06f39c66226e6a68eca4bb2f4913.jpg</filename>
	<path>CC_1218121780_48001_png.rf.5e9e06f39c66226e6a68eca4bb2f4913.jpg</path>
	<source>
		<database>roboflow.ai</database>
	</source>
	<size>
		<width>416</width>
		<height>416</height>
		<depth>3</depth>
	</size>
	<segmented>0</segmented>
	<object>
		<name>mammogram</name>
		<pose>Unspecified</pose>
		<truncated>0</truncated>
		<difficult>0</difficult>
		<occluded>0</occluded>
		<bndbox>
			<xmin>224</xmin>
			<xmax>417</xmax>
			<ymin>32</ymin>
			<ymax>364</ymax>
		</bndbox>
	</object>
</annotation>
