<annotation>
	<folder></folder>
	<filename>CC_1758_3017DDSM_png.rf.d32c67d2e14fe7a9f04f4f73de268840.jpg</filename>
	<path>CC_1758_3017DDSM_png.rf.d32c67d2e14fe7a9f04f4f73de268840.jpg</path>
	<source>
		<database>roboflow.ai</database>
	</source>
	<size>
		<width>416</width>
		<height>416</height>
		<depth>3</depth>
	</size>
	<segmented>0</segmented>
	<object>
		<name>mammogram</name>
		<pose>Unspecified</pose>
		<truncated>0</truncated>
		<difficult>0</difficult>
		<occluded>0</occluded>
		<bndbox>
			<xmin>166</xmin>
			<xmax>417</xmax>
			<ymin>42</ymin>
			<ymax>346</ymax>
		</bndbox>
	</object>
</annotation>
