<annotation>
	<folder></folder>
	<filename>CC_1432820589_16045_png.rf.0a9d8976323161fad4c4b625133c7385.jpg</filename>
	<path>CC_1432820589_16045_png.rf.0a9d8976323161fad4c4b625133c7385.jpg</path>
	<source>
		<database>roboflow.ai</database>
	</source>
	<size>
		<width>416</width>
		<height>416</height>
		<depth>3</depth>
	</size>
	<segmented>0</segmented>
	<object>
		<name>mammogram</name>
		<pose>Unspecified</pose>
		<truncated>0</truncated>
		<difficult>0</difficult>
		<occluded>0</occluded>
		<bndbox>
			<xmin>204</xmin>
			<xmax>417</xmax>
			<ymin>38</ymin>
			<ymax>348</ymax>
		</bndbox>
	</object>
</annotation>
