<annotation>
	<folder></folder>
	<filename>CC_1254665194_27089_png.rf.ea34ba54346bc22151d14ee8b0f4fe1b.jpg</filename>
	<path>CC_1254665194_27089_png.rf.ea34ba54346bc22151d14ee8b0f4fe1b.jpg</path>
	<source>
		<database>roboflow.ai</database>
	</source>
	<size>
		<width>416</width>
		<height>416</height>
		<depth>3</depth>
	</size>
	<segmented>0</segmented>
	<object>
		<name>mammogram</name>
		<pose>Unspecified</pose>
		<truncated>0</truncated>
		<difficult>0</difficult>
		<occluded>0</occluded>
		<bndbox>
			<xmin>1</xmin>
			<xmax>263</xmax>
			<ymin>1</ymin>
			<ymax>397</ymax>
		</bndbox>
	</object>
</annotation>
