<annotation>
	<folder></folder>
	<filename>CC_1794_3026DDSM_png.rf.a87da860be986366d671bd8fb3750776.jpg</filename>
	<path>CC_1794_3026DDSM_png.rf.a87da860be986366d671bd8fb3750776.jpg</path>
	<source>
		<database>roboflow.ai</database>
	</source>
	<size>
		<width>416</width>
		<height>416</height>
		<depth>3</depth>
	</size>
	<segmented>0</segmented>
	<object>
		<name>mammogram</name>
		<pose>Unspecified</pose>
		<truncated>0</truncated>
		<difficult>0</difficult>
		<occluded>0</occluded>
		<bndbox>
			<xmin>105</xmin>
			<xmax>417</xmax>
			<ymin>43</ymin>
			<ymax>389</ymax>
		</bndbox>
	</object>
</annotation>
