<annotation>
	<folder></folder>
	<filename>CC_1604_1875DDSM_png.rf.e52ba24ce4f00488d21c8cf8740fadd6.jpg</filename>
	<path>CC_1604_1875DDSM_png.rf.e52ba24ce4f00488d21c8cf8740fadd6.jpg</path>
	<source>
		<database>roboflow.ai</database>
	</source>
	<size>
		<width>416</width>
		<height>416</height>
		<depth>3</depth>
	</size>
	<segmented>0</segmented>
	<object>
		<name>mammogram</name>
		<pose>Unspecified</pose>
		<truncated>0</truncated>
		<difficult>0</difficult>
		<occluded>0</occluded>
		<bndbox>
			<xmin>139</xmin>
			<xmax>417</xmax>
			<ymin>16</ymin>
			<ymax>384</ymax>
		</bndbox>
	</object>
</annotation>
