<annotation>
	<folder></folder>
	<filename>CC_1897884654_2989_png.rf.02ecbea2b4e993e599015476d1628610.jpg</filename>
	<path>CC_1897884654_2989_png.rf.02ecbea2b4e993e599015476d1628610.jpg</path>
	<source>
		<database>roboflow.ai</database>
	</source>
	<size>
		<width>416</width>
		<height>416</height>
		<depth>3</depth>
	</size>
	<segmented>0</segmented>
	<object>
		<name>mammogram</name>
		<pose>Unspecified</pose>
		<truncated>0</truncated>
		<difficult>0</difficult>
		<occluded>0</occluded>
		<bndbox>
			<xmin>159</xmin>
			<xmax>417</xmax>
			<ymin>26</ymin>
			<ymax>361</ymax>
		</bndbox>
	</object>
</annotation>
