<annotation>
	<folder></folder>
	<filename>CC_1704_3002DDSM_png.rf.49559e9ea91c84055523224654faebd1.jpg</filename>
	<path>CC_1704_3002DDSM_png.rf.49559e9ea91c84055523224654faebd1.jpg</path>
	<source>
		<database>roboflow.ai</database>
	</source>
	<size>
		<width>416</width>
		<height>416</height>
		<depth>3</depth>
	</size>
	<segmented>0</segmented>
	<object>
		<name>mammogram</name>
		<pose>Unspecified</pose>
		<truncated>0</truncated>
		<difficult>0</difficult>
		<occluded>0</occluded>
		<bndbox>
			<xmin>4</xmin>
			<xmax>252</xmax>
			<ymin>33</ymin>
			<ymax>369</ymax>
		</bndbox>
	</object>
</annotation>
