<annotation>
	<folder></folder>
	<filename>CC_1029710208_61404_png.rf.18cd09539d7776ca576179b7cd3772f3.jpg</filename>
	<path>CC_1029710208_61404_png.rf.18cd09539d7776ca576179b7cd3772f3.jpg</path>
	<source>
		<database>roboflow.ai</database>
	</source>
	<size>
		<width>416</width>
		<height>416</height>
		<depth>3</depth>
	</size>
	<segmented>0</segmented>
	<object>
		<name>mammogram</name>
		<pose>Unspecified</pose>
		<truncated>0</truncated>
		<difficult>0</difficult>
		<occluded>0</occluded>
		<bndbox>
			<xmin>182</xmin>
			<xmax>417</xmax>
			<ymin>16</ymin>
			<ymax>366</ymax>
		</bndbox>
	</object>
</annotation>
