<annotation>
	<folder></folder>
	<filename>CC_1766_3019DDSM_png.rf.2f0ab896a3813e918bc9dbc0bbe93b5a.jpg</filename>
	<path>CC_1766_3019DDSM_png.rf.2f0ab896a3813e918bc9dbc0bbe93b5a.jpg</path>
	<source>
		<database>roboflow.ai</database>
	</source>
	<size>
		<width>416</width>
		<height>416</height>
		<depth>3</depth>
	</size>
	<segmented>0</segmented>
	<object>
		<name>mammogram</name>
		<pose>Unspecified</pose>
		<truncated>0</truncated>
		<difficult>0</difficult>
		<occluded>0</occluded>
		<bndbox>
			<xmin>286</xmin>
			<xmax>417</xmax>
			<ymin>107</ymin>
			<ymax>354</ymax>
		</bndbox>
	</object>
</annotation>
