<annotation>
	<folder></folder>
	<filename>CC_1932489777_63056_png.rf.cdb1f1a48dde2b74f7a903079293d022.jpg</filename>
	<path>CC_1932489777_63056_png.rf.cdb1f1a48dde2b74f7a903079293d022.jpg</path>
	<source>
		<database>roboflow.ai</database>
	</source>
	<size>
		<width>416</width>
		<height>416</height>
		<depth>3</depth>
	</size>
	<segmented>0</segmented>
	<object>
		<name>mammogram</name>
		<pose>Unspecified</pose>
		<truncated>0</truncated>
		<difficult>0</difficult>
		<occluded>0</occluded>
		<bndbox>
			<xmin>1</xmin>
			<xmax>259</xmax>
			<ymin>1</ymin>
			<ymax>385</ymax>
		</bndbox>
	</object>
</annotation>
