<annotation>
	<folder></folder>
	<filename>CC_1602255922_32080_png.rf.243f3c149581a5b42d76cb9da8a10c02.jpg</filename>
	<path>CC_1602255922_32080_png.rf.243f3c149581a5b42d76cb9da8a10c02.jpg</path>
	<source>
		<database>roboflow.ai</database>
	</source>
	<size>
		<width>416</width>
		<height>416</height>
		<depth>3</depth>
	</size>
	<segmented>0</segmented>
	<object>
		<name>mammogram</name>
		<pose>Unspecified</pose>
		<truncated>0</truncated>
		<difficult>0</difficult>
		<occluded>0</occluded>
		<bndbox>
			<xmin>2</xmin>
			<xmax>261</xmax>
			<ymin>12</ymin>
			<ymax>396</ymax>
		</bndbox>
	</object>
</annotation>
