<annotation>
	<folder></folder>
	<filename>CC_1179164048_16955_png.rf.2819366206c104ba33578486c3ed7ada.jpg</filename>
	<path>CC_1179164048_16955_png.rf.2819366206c104ba33578486c3ed7ada.jpg</path>
	<source>
		<database>roboflow.ai</database>
	</source>
	<size>
		<width>416</width>
		<height>416</height>
		<depth>3</depth>
	</size>
	<segmented>0</segmented>
	<object>
		<name>mammogram</name>
		<pose>Unspecified</pose>
		<truncated>0</truncated>
		<difficult>0</difficult>
		<occluded>0</occluded>
		<bndbox>
			<xmin>1</xmin>
			<xmax>217</xmax>
			<ymin>31</ymin>
			<ymax>386</ymax>
		</bndbox>
	</object>
</annotation>
