<annotation>
	<folder></folder>
	<filename>CC_1471492945_60953_png.rf.b48ebf0831b255ec5c9ef7c68469fde7.jpg</filename>
	<path>CC_1471492945_60953_png.rf.b48ebf0831b255ec5c9ef7c68469fde7.jpg</path>
	<source>
		<database>roboflow.ai</database>
	</source>
	<size>
		<width>416</width>
		<height>416</height>
		<depth>3</depth>
	</size>
	<segmented>0</segmented>
	<object>
		<name>mammogram</name>
		<pose>Unspecified</pose>
		<truncated>0</truncated>
		<difficult>0</difficult>
		<occluded>0</occluded>
		<bndbox>
			<xmin>191</xmin>
			<xmax>417</xmax>
			<ymin>52</ymin>
			<ymax>370</ymax>
		</bndbox>
	</object>
</annotation>
