<annotation>
	<folder></folder>
	<filename>CC_1766202112_8259_png.rf.d6e3e4af3810268265124fbacc5c71f6.jpg</filename>
	<path>CC_1766202112_8259_png.rf.d6e3e4af3810268265124fbacc5c71f6.jpg</path>
	<source>
		<database>roboflow.ai</database>
	</source>
	<size>
		<width>416</width>
		<height>416</height>
		<depth>3</depth>
	</size>
	<segmented>0</segmented>
	<object>
		<name>mammogram</name>
		<pose>Unspecified</pose>
		<truncated>0</truncated>
		<difficult>0</difficult>
		<occluded>0</occluded>
		<bndbox>
			<xmin>258</xmin>
			<xmax>417</xmax>
			<ymin>63</ymin>
			<ymax>379</ymax>
		</bndbox>
	</object>
</annotation>
