<annotation>
	<folder></folder>
	<filename>CC_1023641646_26694_png.rf.7b70665d8c41b34470dc64647ca18f49.jpg</filename>
	<path>CC_1023641646_26694_png.rf.7b70665d8c41b34470dc64647ca18f49.jpg</path>
	<source>
		<database>roboflow.ai</database>
	</source>
	<size>
		<width>416</width>
		<height>416</height>
		<depth>3</depth>
	</size>
	<segmented>0</segmented>
	<object>
		<name>mammogram</name>
		<pose>Unspecified</pose>
		<truncated>0</truncated>
		<difficult>0</difficult>
		<occluded>0</occluded>
		<bndbox>
			<xmin>258</xmin>
			<xmax>417</xmax>
			<ymin>59</ymin>
			<ymax>358</ymax>
		</bndbox>
	</object>
</annotation>
