<annotation>
	<folder></folder>
	<filename>CC_1857690035_10680_png.rf.69134ffceb3c8f0721b551232cfb3d99.jpg</filename>
	<path>CC_1857690035_10680_png.rf.69134ffceb3c8f0721b551232cfb3d99.jpg</path>
	<source>
		<database>roboflow.ai</database>
	</source>
	<size>
		<width>416</width>
		<height>416</height>
		<depth>3</depth>
	</size>
	<segmented>0</segmented>
	<object>
		<name>mammogram</name>
		<pose>Unspecified</pose>
		<truncated>0</truncated>
		<difficult>0</difficult>
		<occluded>0</occluded>
		<bndbox>
			<xmin>176</xmin>
			<xmax>417</xmax>
			<ymin>55</ymin>
			<ymax>383</ymax>
		</bndbox>
	</object>
</annotation>
