<annotation>
	<folder></folder>
	<filename>CC_1605416080_17891_png.rf.71a1c0df04734fba2a247f3f6e7383c6.jpg</filename>
	<path>CC_1605416080_17891_png.rf.71a1c0df04734fba2a247f3f6e7383c6.jpg</path>
	<source>
		<database>roboflow.ai</database>
	</source>
	<size>
		<width>416</width>
		<height>416</height>
		<depth>3</depth>
	</size>
	<segmented>0</segmented>
	<object>
		<name>mammogram</name>
		<pose>Unspecified</pose>
		<truncated>0</truncated>
		<difficult>0</difficult>
		<occluded>0</occluded>
		<bndbox>
			<xmin>1</xmin>
			<xmax>149</xmax>
			<ymin>57</ymin>
			<ymax>348</ymax>
		</bndbox>
	</object>
</annotation>
