<annotation>
	<folder></folder>
	<filename>CC_1056851936_3713_png.rf.3d48c97f104ec709f2cb8f895e232b27.jpg</filename>
	<path>CC_1056851936_3713_png.rf.3d48c97f104ec709f2cb8f895e232b27.jpg</path>
	<source>
		<database>roboflow.ai</database>
	</source>
	<size>
		<width>416</width>
		<height>416</height>
		<depth>3</depth>
	</size>
	<segmented>0</segmented>
	<object>
		<name>mammogram</name>
		<pose>Unspecified</pose>
		<truncated>0</truncated>
		<difficult>0</difficult>
		<occluded>0</occluded>
		<bndbox>
			<xmin>1</xmin>
			<xmax>262</xmax>
			<ymin>18</ymin>
			<ymax>367</ymax>
		</bndbox>
	</object>
</annotation>
