<annotation>
	<folder></folder>
	<filename>CC_1189732056_11265_png.rf.0b29c37605a739509ae90ea640e04bd2.jpg</filename>
	<path>CC_1189732056_11265_png.rf.0b29c37605a739509ae90ea640e04bd2.jpg</path>
	<source>
		<database>roboflow.ai</database>
	</source>
	<size>
		<width>416</width>
		<height>416</height>
		<depth>3</depth>
	</size>
	<segmented>0</segmented>
	<object>
		<name>mammogram</name>
		<pose>Unspecified</pose>
		<truncated>0</truncated>
		<difficult>0</difficult>
		<occluded>0</occluded>
		<bndbox>
			<xmin>155</xmin>
			<xmax>417</xmax>
			<ymin>39</ymin>
			<ymax>396</ymax>
		</bndbox>
	</object>
</annotation>
