<annotation>
	<folder></folder>
	<filename>CC_1242341888_1203_png.rf.588c2bcdddb7fd01010153dc0fce2f02.jpg</filename>
	<path>CC_1242341888_1203_png.rf.588c2bcdddb7fd01010153dc0fce2f02.jpg</path>
	<source>
		<database>roboflow.ai</database>
	</source>
	<size>
		<width>416</width>
		<height>416</height>
		<depth>3</depth>
	</size>
	<segmented>0</segmented>
	<object>
		<name>mammogram</name>
		<pose>Unspecified</pose>
		<truncated>0</truncated>
		<difficult>0</difficult>
		<occluded>0</occluded>
		<bndbox>
			<xmin>214</xmin>
			<xmax>417</xmax>
			<ymin>32</ymin>
			<ymax>357</ymax>
		</bndbox>
	</object>
</annotation>
