<annotation>
	<folder></folder>
	<filename>CC_1040_1504DDSM_png.rf.9889154550d256e0ef52fe5f24a493a4.jpg</filename>
	<path>CC_1040_1504DDSM_png.rf.9889154550d256e0ef52fe5f24a493a4.jpg</path>
	<source>
		<database>roboflow.ai</database>
	</source>
	<size>
		<width>416</width>
		<height>416</height>
		<depth>3</depth>
	</size>
	<segmented>0</segmented>
	<object>
		<name>mammogram</name>
		<pose>Unspecified</pose>
		<truncated>0</truncated>
		<difficult>0</difficult>
		<occluded>0</occluded>
		<bndbox>
			<xmin>108</xmin>
			<xmax>415</xmax>
			<ymin>22</ymin>
			<ymax>357</ymax>
		</bndbox>
	</object>
</annotation>
