<annotation>
	<folder></folder>
	<filename>CC_1922679376_28996_png.rf.4fc4d703d9f2256092176d46a0000a79.jpg</filename>
	<path>CC_1922679376_28996_png.rf.4fc4d703d9f2256092176d46a0000a79.jpg</path>
	<source>
		<database>roboflow.ai</database>
	</source>
	<size>
		<width>416</width>
		<height>416</height>
		<depth>3</depth>
	</size>
	<segmented>0</segmented>
	<object>
		<name>mammogram</name>
		<pose>Unspecified</pose>
		<truncated>0</truncated>
		<difficult>0</difficult>
		<occluded>0</occluded>
		<bndbox>
			<xmin>1</xmin>
			<xmax>286</xmax>
			<ymin>11</ymin>
			<ymax>417</ymax>
		</bndbox>
	</object>
</annotation>
