<annotation>
	<folder></folder>
	<filename>CC_1488_1728DDSM_png.rf.4075e3c8b63d1892ed732b32833ec4c3.jpg</filename>
	<path>CC_1488_1728DDSM_png.rf.4075e3c8b63d1892ed732b32833ec4c3.jpg</path>
	<source>
		<database>roboflow.ai</database>
	</source>
	<size>
		<width>416</width>
		<height>416</height>
		<depth>3</depth>
	</size>
	<segmented>0</segmented>
	<object>
		<name>mammogram</name>
		<pose>Unspecified</pose>
		<truncated>0</truncated>
		<difficult>0</difficult>
		<occluded>0</occluded>
		<bndbox>
			<xmin>94</xmin>
			<xmax>417</xmax>
			<ymin>73</ymin>
			<ymax>366</ymax>
		</bndbox>
	</object>
</annotation>
