<annotation>
	<folder></folder>
	<filename>CC_1154776308_60728_png.rf.dd7bb4793a587663a2a8bd5aa9b51ed5.jpg</filename>
	<path>CC_1154776308_60728_png.rf.dd7bb4793a587663a2a8bd5aa9b51ed5.jpg</path>
	<source>
		<database>roboflow.ai</database>
	</source>
	<size>
		<width>416</width>
		<height>416</height>
		<depth>3</depth>
	</size>
	<segmented>0</segmented>
	<object>
		<name>mammogram</name>
		<pose>Unspecified</pose>
		<truncated>0</truncated>
		<difficult>0</difficult>
		<occluded>0</occluded>
		<bndbox>
			<xmin>1</xmin>
			<xmax>207</xmax>
			<ymin>37</ymin>
			<ymax>394</ymax>
		</bndbox>
	</object>
</annotation>
