<annotation>
	<folder></folder>
	<filename>CC_1720_3007DDSM_png.rf.9081663e437223570365dbe96a5dca5e.jpg</filename>
	<path>CC_1720_3007DDSM_png.rf.9081663e437223570365dbe96a5dca5e.jpg</path>
	<source>
		<database>roboflow.ai</database>
	</source>
	<size>
		<width>416</width>
		<height>416</height>
		<depth>3</depth>
	</size>
	<segmented>0</segmented>
	<object>
		<name>mammogram</name>
		<pose>Unspecified</pose>
		<truncated>0</truncated>
		<difficult>0</difficult>
		<occluded>0</occluded>
		<bndbox>
			<xmin>3</xmin>
			<xmax>231</xmax>
			<ymin>12</ymin>
			<ymax>386</ymax>
		</bndbox>
	</object>
</annotation>
