<annotation>
	<folder></folder>
	<filename>CC_168349573_10353_png.rf.c7a1f96a86439a8a0bb48d05ed5a1b63.jpg</filename>
	<path>CC_168349573_10353_png.rf.c7a1f96a86439a8a0bb48d05ed5a1b63.jpg</path>
	<source>
		<database>roboflow.ai</database>
	</source>
	<size>
		<width>416</width>
		<height>416</height>
		<depth>3</depth>
	</size>
	<segmented>0</segmented>
	<object>
		<name>mammogram</name>
		<pose>Unspecified</pose>
		<truncated>0</truncated>
		<difficult>0</difficult>
		<occluded>0</occluded>
		<bndbox>
			<xmin>1</xmin>
			<xmax>250</xmax>
			<ymin>24</ymin>
			<ymax>311</ymax>
		</bndbox>
	</object>
</annotation>
