<annotation>
	<folder></folder>
	<filename>CC_1263852143_56576_png.rf.ca367dc0d6b2107ba65637d72c3b6137.jpg</filename>
	<path>CC_1263852143_56576_png.rf.ca367dc0d6b2107ba65637d72c3b6137.jpg</path>
	<source>
		<database>roboflow.ai</database>
	</source>
	<size>
		<width>416</width>
		<height>416</height>
		<depth>3</depth>
	</size>
	<segmented>0</segmented>
	<object>
		<name>mammogram</name>
		<pose>Unspecified</pose>
		<truncated>0</truncated>
		<difficult>0</difficult>
		<occluded>0</occluded>
		<bndbox>
			<xmin>2</xmin>
			<xmax>207</xmax>
			<ymin>16</ymin>
			<ymax>365</ymax>
		</bndbox>
	</object>
</annotation>
