<annotation>
	<folder></folder>
	<filename>CC_1244_1616DDSM_png.rf.0aa92715e360de0793907477dcb1c30a.jpg</filename>
	<path>CC_1244_1616DDSM_png.rf.0aa92715e360de0793907477dcb1c30a.jpg</path>
	<source>
		<database>roboflow.ai</database>
	</source>
	<size>
		<width>416</width>
		<height>416</height>
		<depth>3</depth>
	</size>
	<segmented>0</segmented>
	<object>
		<name>mammogram</name>
		<pose>Unspecified</pose>
		<truncated>0</truncated>
		<difficult>0</difficult>
		<occluded>0</occluded>
		<bndbox>
			<xmin>77</xmin>
			<xmax>417</xmax>
			<ymin>19</ymin>
			<ymax>384</ymax>
		</bndbox>
	</object>
</annotation>
