<annotation>
	<folder></folder>
	<filename>CC_1017441251_33583_png.rf.513e77cb12af1dfdb8c8a4dc318e56a5.jpg</filename>
	<path>CC_1017441251_33583_png.rf.513e77cb12af1dfdb8c8a4dc318e56a5.jpg</path>
	<source>
		<database>roboflow.ai</database>
	</source>
	<size>
		<width>416</width>
		<height>416</height>
		<depth>3</depth>
	</size>
	<segmented>0</segmented>
	<object>
		<name>mammogram</name>
		<pose>Unspecified</pose>
		<truncated>0</truncated>
		<difficult>0</difficult>
		<occluded>0</occluded>
		<bndbox>
			<xmin>183</xmin>
			<xmax>417</xmax>
			<ymin>1</ymin>
			<ymax>386</ymax>
		</bndbox>
	</object>
</annotation>
