<annotation>
	<folder></folder>
	<filename>CC_1219395620_63739_png.rf.46fd00c9603a0daeec1fd63bd12b9796.jpg</filename>
	<path>CC_1219395620_63739_png.rf.46fd00c9603a0daeec1fd63bd12b9796.jpg</path>
	<source>
		<database>roboflow.ai</database>
	</source>
	<size>
		<width>416</width>
		<height>416</height>
		<depth>3</depth>
	</size>
	<segmented>0</segmented>
	<object>
		<name>mammogram</name>
		<pose>Unspecified</pose>
		<truncated>0</truncated>
		<difficult>0</difficult>
		<occluded>0</occluded>
		<bndbox>
			<xmin>2</xmin>
			<xmax>197</xmax>
			<ymin>54</ymin>
			<ymax>361</ymax>
		</bndbox>
	</object>
</annotation>
