<annotation>
	<folder></folder>
	<filename>CC_192075335_54084_png.rf.1f6b0b84dc35826f09bed04f238c2fb1.jpg</filename>
	<path>CC_192075335_54084_png.rf.1f6b0b84dc35826f09bed04f238c2fb1.jpg</path>
	<source>
		<database>roboflow.ai</database>
	</source>
	<size>
		<width>416</width>
		<height>416</height>
		<depth>3</depth>
	</size>
	<segmented>0</segmented>
	<object>
		<name>mammogram</name>
		<pose>Unspecified</pose>
		<truncated>0</truncated>
		<difficult>0</difficult>
		<occluded>0</occluded>
		<bndbox>
			<xmin>227</xmin>
			<xmax>417</xmax>
			<ymin>1</ymin>
			<ymax>404</ymax>
		</bndbox>
	</object>
</annotation>
