<annotation>
	<folder></folder>
	<filename>CC_1863446_57229_png.rf.fb34b4fefb4948fe966611dca5c145dd.jpg</filename>
	<path>CC_1863446_57229_png.rf.fb34b4fefb4948fe966611dca5c145dd.jpg</path>
	<source>
		<database>roboflow.ai</database>
	</source>
	<size>
		<width>416</width>
		<height>416</height>
		<depth>3</depth>
	</size>
	<segmented>0</segmented>
	<object>
		<name>mammogram</name>
		<pose>Unspecified</pose>
		<truncated>0</truncated>
		<difficult>0</difficult>
		<occluded>0</occluded>
		<bndbox>
			<xmin>194</xmin>
			<xmax>417</xmax>
			<ymin>16</ymin>
			<ymax>417</ymax>
		</bndbox>
	</object>
</annotation>
