<annotation>
	<folder></folder>
	<filename>CC_1808_3031DDSM_png.rf.3006beb97f78741d673360861170bb39.jpg</filename>
	<path>CC_1808_3031DDSM_png.rf.3006beb97f78741d673360861170bb39.jpg</path>
	<source>
		<database>roboflow.ai</database>
	</source>
	<size>
		<width>416</width>
		<height>416</height>
		<depth>3</depth>
	</size>
	<segmented>0</segmented>
	<object>
		<name>mammogram</name>
		<pose>Unspecified</pose>
		<truncated>0</truncated>
		<difficult>0</difficult>
		<occluded>0</occluded>
		<bndbox>
			<xmin>1</xmin>
			<xmax>181</xmax>
			<ymin>31</ymin>
			<ymax>359</ymax>
		</bndbox>
	</object>
</annotation>
