<annotation>
	<folder></folder>
	<filename>CC_1432_1696DDSM_png.rf.f75637bdbc8174f86a556b1e718e349a.jpg</filename>
	<path>CC_1432_1696DDSM_png.rf.f75637bdbc8174f86a556b1e718e349a.jpg</path>
	<source>
		<database>roboflow.ai</database>
	</source>
	<size>
		<width>416</width>
		<height>416</height>
		<depth>3</depth>
	</size>
	<segmented>0</segmented>
	<object>
		<name>mammogram</name>
		<pose>Unspecified</pose>
		<truncated>0</truncated>
		<difficult>0</difficult>
		<occluded>0</occluded>
		<bndbox>
			<xmin>90</xmin>
			<xmax>417</xmax>
			<ymin>68</ymin>
			<ymax>375</ymax>
		</bndbox>
	</object>
</annotation>
