<annotation>
	<folder></folder>
	<filename>CC_1168039233_60033_png.rf.aca5401c67955898f3aedc17880e3472.jpg</filename>
	<path>CC_1168039233_60033_png.rf.aca5401c67955898f3aedc17880e3472.jpg</path>
	<source>
		<database>roboflow.ai</database>
	</source>
	<size>
		<width>416</width>
		<height>416</height>
		<depth>3</depth>
	</size>
	<segmented>0</segmented>
	<object>
		<name>mammogram</name>
		<pose>Unspecified</pose>
		<truncated>0</truncated>
		<difficult>0</difficult>
		<occluded>0</occluded>
		<bndbox>
			<xmin>1</xmin>
			<xmax>167</xmax>
			<ymin>60</ymin>
			<ymax>376</ymax>
		</bndbox>
	</object>
</annotation>
