<annotation>
	<folder></folder>
	<filename>CC_1829769663_43004_png.rf.74b4dee4a42d86d7928859ca5208a350.jpg</filename>
	<path>CC_1829769663_43004_png.rf.74b4dee4a42d86d7928859ca5208a350.jpg</path>
	<source>
		<database>roboflow.ai</database>
	</source>
	<size>
		<width>416</width>
		<height>416</height>
		<depth>3</depth>
	</size>
	<segmented>0</segmented>
	<object>
		<name>mammogram</name>
		<pose>Unspecified</pose>
		<truncated>0</truncated>
		<difficult>0</difficult>
		<occluded>0</occluded>
		<bndbox>
			<xmin>247</xmin>
			<xmax>416</xmax>
			<ymin>37</ymin>
			<ymax>417</ymax>
		</bndbox>
	</object>
</annotation>
