<annotation>
	<folder></folder>
	<filename>CC_1372132287_28344_png.rf.8b65651483e3bf8c8a525861acec49ad.jpg</filename>
	<path>CC_1372132287_28344_png.rf.8b65651483e3bf8c8a525861acec49ad.jpg</path>
	<source>
		<database>roboflow.ai</database>
	</source>
	<size>
		<width>416</width>
		<height>416</height>
		<depth>3</depth>
	</size>
	<segmented>0</segmented>
	<object>
		<name>mammogram</name>
		<pose>Unspecified</pose>
		<truncated>0</truncated>
		<difficult>0</difficult>
		<occluded>0</occluded>
		<bndbox>
			<xmin>311</xmin>
			<xmax>417</xmax>
			<ymin>52</ymin>
			<ymax>338</ymax>
		</bndbox>
	</object>
</annotation>
