<annotation>
	<folder></folder>
	<filename>CC_1259002468_39684_png.rf.de0d199c97cba61935eca28b6927fcf3.jpg</filename>
	<path>CC_1259002468_39684_png.rf.de0d199c97cba61935eca28b6927fcf3.jpg</path>
	<source>
		<database>roboflow.ai</database>
	</source>
	<size>
		<width>416</width>
		<height>416</height>
		<depth>3</depth>
	</size>
	<segmented>0</segmented>
	<object>
		<name>mammogram</name>
		<pose>Unspecified</pose>
		<truncated>0</truncated>
		<difficult>0</difficult>
		<occluded>0</occluded>
		<bndbox>
			<xmin>209</xmin>
			<xmax>417</xmax>
			<ymin>44</ymin>
			<ymax>352</ymax>
		</bndbox>
	</object>
</annotation>
