<annotation>
	<folder></folder>
	<filename>CC_1093832285_60442_png.rf.0742f24e612f667ee8927158c8d84413.jpg</filename>
	<path>CC_1093832285_60442_png.rf.0742f24e612f667ee8927158c8d84413.jpg</path>
	<source>
		<database>roboflow.ai</database>
	</source>
	<size>
		<width>416</width>
		<height>416</height>
		<depth>3</depth>
	</size>
	<segmented>0</segmented>
	<object>
		<name>mammogram</name>
		<pose>Unspecified</pose>
		<truncated>0</truncated>
		<difficult>0</difficult>
		<occluded>0</occluded>
		<bndbox>
			<xmin>1</xmin>
			<xmax>191</xmax>
			<ymin>46</ymin>
			<ymax>382</ymax>
		</bndbox>
	</object>
</annotation>
