<annotation>
	<folder></folder>
	<filename>CC_187375781_32252_png.rf.e360b9d599d1c95555ca06c3fa145c85.jpg</filename>
	<path>CC_187375781_32252_png.rf.e360b9d599d1c95555ca06c3fa145c85.jpg</path>
	<source>
		<database>roboflow.ai</database>
	</source>
	<size>
		<width>416</width>
		<height>416</height>
		<depth>3</depth>
	</size>
	<segmented>0</segmented>
	<object>
		<name>mammogram</name>
		<pose>Unspecified</pose>
		<truncated>0</truncated>
		<difficult>0</difficult>
		<occluded>0</occluded>
		<bndbox>
			<xmin>261</xmin>
			<xmax>417</xmax>
			<ymin>43</ymin>
			<ymax>357</ymax>
		</bndbox>
	</object>
</annotation>
