<annotation>
	<folder></folder>
	<filename>CC_1298_1632DDSM_png.rf.187b30abbb0e838952e75d340db25547.jpg</filename>
	<path>CC_1298_1632DDSM_png.rf.187b30abbb0e838952e75d340db25547.jpg</path>
	<source>
		<database>roboflow.ai</database>
	</source>
	<size>
		<width>416</width>
		<height>416</height>
		<depth>3</depth>
	</size>
	<segmented>0</segmented>
	<object>
		<name>mammogram</name>
		<pose>Unspecified</pose>
		<truncated>0</truncated>
		<difficult>0</difficult>
		<occluded>0</occluded>
		<bndbox>
			<xmin>4</xmin>
			<xmax>388</xmax>
			<ymin>22</ymin>
			<ymax>369</ymax>
		</bndbox>
	</object>
</annotation>
