<annotation>
	<folder></folder>
	<filename>CC_129609192_2346_png.rf.e3ef2d190b1ab2edda226389a1a340b0.jpg</filename>
	<path>CC_129609192_2346_png.rf.e3ef2d190b1ab2edda226389a1a340b0.jpg</path>
	<source>
		<database>roboflow.ai</database>
	</source>
	<size>
		<width>416</width>
		<height>416</height>
		<depth>3</depth>
	</size>
	<segmented>0</segmented>
	<object>
		<name>mammogram</name>
		<pose>Unspecified</pose>
		<truncated>0</truncated>
		<difficult>0</difficult>
		<occluded>0</occluded>
		<bndbox>
			<xmin>161</xmin>
			<xmax>417</xmax>
			<ymin>40</ymin>
			<ymax>377</ymax>
		</bndbox>
	</object>
</annotation>
