<annotation>
	<folder></folder>
	<filename>CC_1506_1766DDSM_png.rf.2e197b1c4d495c19ee7a1fd37a4bba6f.jpg</filename>
	<path>CC_1506_1766DDSM_png.rf.2e197b1c4d495c19ee7a1fd37a4bba6f.jpg</path>
	<source>
		<database>roboflow.ai</database>
	</source>
	<size>
		<width>416</width>
		<height>416</height>
		<depth>3</depth>
	</size>
	<segmented>0</segmented>
	<object>
		<name>mammogram</name>
		<pose>Unspecified</pose>
		<truncated>0</truncated>
		<difficult>0</difficult>
		<occluded>0</occluded>
		<bndbox>
			<xmin>10</xmin>
			<xmax>322</xmax>
			<ymin>15</ymin>
			<ymax>355</ymax>
		</bndbox>
	</object>
</annotation>
