<annotation>
	<folder></folder>
	<filename>CC_1380_1668DDSM_png.rf.2bd43ddc77f5b4affd1d5304e6fca4a3.jpg</filename>
	<path>CC_1380_1668DDSM_png.rf.2bd43ddc77f5b4affd1d5304e6fca4a3.jpg</path>
	<source>
		<database>roboflow.ai</database>
	</source>
	<size>
		<width>416</width>
		<height>416</height>
		<depth>3</depth>
	</size>
	<segmented>0</segmented>
	<object>
		<name>mammogram</name>
		<pose>Unspecified</pose>
		<truncated>0</truncated>
		<difficult>0</difficult>
		<occluded>0</occluded>
		<bndbox>
			<xmin>75</xmin>
			<xmax>417</xmax>
			<ymin>21</ymin>
			<ymax>382</ymax>
		</bndbox>
	</object>
</annotation>
