<annotation>
	<folder></folder>
	<filename>CC_1559227517_65222_png.rf.273f32fb224b71096ca9154c5a36bbb9.jpg</filename>
	<path>CC_1559227517_65222_png.rf.273f32fb224b71096ca9154c5a36bbb9.jpg</path>
	<source>
		<database>roboflow.ai</database>
	</source>
	<size>
		<width>416</width>
		<height>416</height>
		<depth>3</depth>
	</size>
	<segmented>0</segmented>
	<object>
		<name>mammogram</name>
		<pose>Unspecified</pose>
		<truncated>0</truncated>
		<difficult>0</difficult>
		<occluded>0</occluded>
		<bndbox>
			<xmin>3</xmin>
			<xmax>196</xmax>
			<ymin>60</ymin>
			<ymax>375</ymax>
		</bndbox>
	</object>
</annotation>
