<annotation>
	<folder></folder>
	<filename>CC_1332_1644DDSM_png.rf.12492efe82d697517ffa0e76ca37229c.jpg</filename>
	<path>CC_1332_1644DDSM_png.rf.12492efe82d697517ffa0e76ca37229c.jpg</path>
	<source>
		<database>roboflow.ai</database>
	</source>
	<size>
		<width>416</width>
		<height>416</height>
		<depth>3</depth>
	</size>
	<segmented>0</segmented>
	<object>
		<name>mammogram</name>
		<pose>Unspecified</pose>
		<truncated>0</truncated>
		<difficult>0</difficult>
		<occluded>0</occluded>
		<bndbox>
			<xmin>54</xmin>
			<xmax>417</xmax>
			<ymin>63</ymin>
			<ymax>366</ymax>
		</bndbox>
	</object>
</annotation>
