<annotation>
	<folder></folder>
	<filename>CC_1036635644_29664_png.rf.ca73cd9cc1bedcd8af210eeb022bbbad.jpg</filename>
	<path>CC_1036635644_29664_png.rf.ca73cd9cc1bedcd8af210eeb022bbbad.jpg</path>
	<source>
		<database>roboflow.ai</database>
	</source>
	<size>
		<width>416</width>
		<height>416</height>
		<depth>3</depth>
	</size>
	<segmented>0</segmented>
	<object>
		<name>mammogram</name>
		<pose>Unspecified</pose>
		<truncated>0</truncated>
		<difficult>0</difficult>
		<occluded>0</occluded>
		<bndbox>
			<xmin>1</xmin>
			<xmax>270</xmax>
			<ymin>3</ymin>
			<ymax>380</ymax>
		</bndbox>
	</object>
</annotation>
