<annotation>
	<folder></folder>
	<filename>CC_1656688953_50740_png.rf.9ccc76ff1b22fe6a1e25a0b21266286f.jpg</filename>
	<path>CC_1656688953_50740_png.rf.9ccc76ff1b22fe6a1e25a0b21266286f.jpg</path>
	<source>
		<database>roboflow.ai</database>
	</source>
	<size>
		<width>416</width>
		<height>416</height>
		<depth>3</depth>
	</size>
	<segmented>0</segmented>
	<object>
		<name>mammogram</name>
		<pose>Unspecified</pose>
		<truncated>0</truncated>
		<difficult>0</difficult>
		<occluded>0</occluded>
		<bndbox>
			<xmin>2</xmin>
			<xmax>181</xmax>
			<ymin>71</ymin>
			<ymax>367</ymax>
		</bndbox>
	</object>
</annotation>
