<annotation>
	<folder></folder>
	<filename>CC_1555128541_34072_png.rf.957c2ffad67f0afce89c589933d06357.jpg</filename>
	<path>CC_1555128541_34072_png.rf.957c2ffad67f0afce89c589933d06357.jpg</path>
	<source>
		<database>roboflow.ai</database>
	</source>
	<size>
		<width>416</width>
		<height>416</height>
		<depth>3</depth>
	</size>
	<segmented>0</segmented>
	<object>
		<name>mammogram</name>
		<pose>Unspecified</pose>
		<truncated>0</truncated>
		<difficult>0</difficult>
		<occluded>0</occluded>
		<bndbox>
			<xmin>3</xmin>
			<xmax>229</xmax>
			<ymin>1</ymin>
			<ymax>397</ymax>
		</bndbox>
	</object>
</annotation>
