<annotation>
	<folder></folder>
	<filename>CC_1639342205_49316_png.rf.c13cfaec3448011a35b0065da9f07a08.jpg</filename>
	<path>CC_1639342205_49316_png.rf.c13cfaec3448011a35b0065da9f07a08.jpg</path>
	<source>
		<database>roboflow.ai</database>
	</source>
	<size>
		<width>416</width>
		<height>416</height>
		<depth>3</depth>
	</size>
	<segmented>0</segmented>
	<object>
		<name>mammogram</name>
		<pose>Unspecified</pose>
		<truncated>0</truncated>
		<difficult>0</difficult>
		<occluded>0</occluded>
		<bndbox>
			<xmin>1</xmin>
			<xmax>140</xmax>
			<ymin>36</ymin>
			<ymax>348</ymax>
		</bndbox>
	</object>
</annotation>
