<annotation>
	<folder></folder>
	<filename>CC_1949261883_13331_png.rf.3098553d70a950eb66e8fda165aea75a.jpg</filename>
	<path>CC_1949261883_13331_png.rf.3098553d70a950eb66e8fda165aea75a.jpg</path>
	<source>
		<database>roboflow.ai</database>
	</source>
	<size>
		<width>416</width>
		<height>416</height>
		<depth>3</depth>
	</size>
	<segmented>0</segmented>
	<object>
		<name>mammogram</name>
		<pose>Unspecified</pose>
		<truncated>0</truncated>
		<difficult>0</difficult>
		<occluded>0</occluded>
		<bndbox>
			<xmin>1</xmin>
			<xmax>272</xmax>
			<ymin>23</ymin>
			<ymax>384</ymax>
		</bndbox>
	</object>
</annotation>
