<annotation>
	<folder></folder>
	<filename>CC_192415761_26862_png.rf.285fb1e1696f588f039dea07e065a41a.jpg</filename>
	<path>CC_192415761_26862_png.rf.285fb1e1696f588f039dea07e065a41a.jpg</path>
	<source>
		<database>roboflow.ai</database>
	</source>
	<size>
		<width>416</width>
		<height>416</height>
		<depth>3</depth>
	</size>
	<segmented>0</segmented>
	<object>
		<name>mammogram</name>
		<pose>Unspecified</pose>
		<truncated>0</truncated>
		<difficult>0</difficult>
		<occluded>0</occluded>
		<bndbox>
			<xmin>235</xmin>
			<xmax>417</xmax>
			<ymin>37</ymin>
			<ymax>417</ymax>
		</bndbox>
	</object>
</annotation>
