<annotation>
	<folder></folder>
	<filename>CC_1900523352_8260_png.rf.f4c7805f69aca5f095b880040b5aabce.jpg</filename>
	<path>CC_1900523352_8260_png.rf.f4c7805f69aca5f095b880040b5aabce.jpg</path>
	<source>
		<database>roboflow.ai</database>
	</source>
	<size>
		<width>416</width>
		<height>416</height>
		<depth>3</depth>
	</size>
	<segmented>0</segmented>
	<object>
		<name>mammogram</name>
		<pose>Unspecified</pose>
		<truncated>0</truncated>
		<difficult>0</difficult>
		<occluded>0</occluded>
		<bndbox>
			<xmin>1</xmin>
			<xmax>223</xmax>
			<ymin>56</ymin>
			<ymax>391</ymax>
		</bndbox>
	</object>
</annotation>
