<annotation>
	<folder></folder>
	<filename>CC_1136_1558DDSM_png.rf.0f4530893896ffb324453d6a92eee3d1.jpg</filename>
	<path>CC_1136_1558DDSM_png.rf.0f4530893896ffb324453d6a92eee3d1.jpg</path>
	<source>
		<database>roboflow.ai</database>
	</source>
	<size>
		<width>416</width>
		<height>416</height>
		<depth>3</depth>
	</size>
	<segmented>0</segmented>
	<object>
		<name>mammogram</name>
		<pose>Unspecified</pose>
		<truncated>0</truncated>
		<difficult>0</difficult>
		<occluded>0</occluded>
		<bndbox>
			<xmin>46</xmin>
			<xmax>417</xmax>
			<ymin>43</ymin>
			<ymax>378</ymax>
		</bndbox>
	</object>
</annotation>
