<annotation>
	<folder></folder>
	<filename>CC_1182551779_37339_png.rf.7aa2935ba018462104f998bbc237b052.jpg</filename>
	<path>CC_1182551779_37339_png.rf.7aa2935ba018462104f998bbc237b052.jpg</path>
	<source>
		<database>roboflow.ai</database>
	</source>
	<size>
		<width>416</width>
		<height>416</height>
		<depth>3</depth>
	</size>
	<segmented>0</segmented>
	<object>
		<name>mammogram</name>
		<pose>Unspecified</pose>
		<truncated>0</truncated>
		<difficult>0</difficult>
		<occluded>0</occluded>
		<bndbox>
			<xmin>163</xmin>
			<xmax>416</xmax>
			<ymin>1</ymin>
			<ymax>391</ymax>
		</bndbox>
	</object>
</annotation>
