<annotation>
	<folder></folder>
	<filename>CC_104_0031DDSM_png.rf.811b1c57629ac32fcec19e1bfd36bd5a.jpg</filename>
	<path>CC_104_0031DDSM_png.rf.811b1c57629ac32fcec19e1bfd36bd5a.jpg</path>
	<source>
		<database>roboflow.ai</database>
	</source>
	<size>
		<width>416</width>
		<height>416</height>
		<depth>3</depth>
	</size>
	<segmented>0</segmented>
	<object>
		<name>mammogram</name>
		<pose>Unspecified</pose>
		<truncated>0</truncated>
		<difficult>0</difficult>
		<occluded>0</occluded>
		<bndbox>
			<xmin>6</xmin>
			<xmax>392</xmax>
			<ymin>3</ymin>
			<ymax>417</ymax>
		</bndbox>
	</object>
</annotation>
