<annotation>
	<folder></folder>
	<filename>CC_1089314305_31750_png.rf.e360aecb836346496a93879ed37c8ffa.jpg</filename>
	<path>CC_1089314305_31750_png.rf.e360aecb836346496a93879ed37c8ffa.jpg</path>
	<source>
		<database>roboflow.ai</database>
	</source>
	<size>
		<width>416</width>
		<height>416</height>
		<depth>3</depth>
	</size>
	<segmented>0</segmented>
	<object>
		<name>mammogram</name>
		<pose>Unspecified</pose>
		<truncated>0</truncated>
		<difficult>0</difficult>
		<occluded>0</occluded>
		<bndbox>
			<xmin>3</xmin>
			<xmax>196</xmax>
			<ymin>81</ymin>
			<ymax>367</ymax>
		</bndbox>
	</object>
</annotation>
