<annotation>
	<folder></folder>
	<filename>CC_1151546567_64449_png.rf.0e9032d3be1b0937eed4aa5c4a96395a.jpg</filename>
	<path>CC_1151546567_64449_png.rf.0e9032d3be1b0937eed4aa5c4a96395a.jpg</path>
	<source>
		<database>roboflow.ai</database>
	</source>
	<size>
		<width>416</width>
		<height>416</height>
		<depth>3</depth>
	</size>
	<segmented>0</segmented>
	<object>
		<name>mammogram</name>
		<pose>Unspecified</pose>
		<truncated>0</truncated>
		<difficult>0</difficult>
		<occluded>0</occluded>
		<bndbox>
			<xmin>139</xmin>
			<xmax>417</xmax>
			<ymin>3</ymin>
			<ymax>383</ymax>
		</bndbox>
	</object>
</annotation>
