<annotation>
	<folder></folder>
	<filename>CC_1967460233_10589_png.rf.82266358415d2e996d063c325a7f4065.jpg</filename>
	<path>CC_1967460233_10589_png.rf.82266358415d2e996d063c325a7f4065.jpg</path>
	<source>
		<database>roboflow.ai</database>
	</source>
	<size>
		<width>416</width>
		<height>416</height>
		<depth>3</depth>
	</size>
	<segmented>0</segmented>
	<object>
		<name>mammogram</name>
		<pose>Unspecified</pose>
		<truncated>0</truncated>
		<difficult>0</difficult>
		<occluded>0</occluded>
		<bndbox>
			<xmin>1</xmin>
			<xmax>245</xmax>
			<ymin>40</ymin>
			<ymax>372</ymax>
		</bndbox>
	</object>
</annotation>
