<annotation>
	<folder></folder>
	<filename>CC_1901397658_39401_png.rf.6092e71e247b734721d205336652ad80.jpg</filename>
	<path>CC_1901397658_39401_png.rf.6092e71e247b734721d205336652ad80.jpg</path>
	<source>
		<database>roboflow.ai</database>
	</source>
	<size>
		<width>416</width>
		<height>416</height>
		<depth>3</depth>
	</size>
	<segmented>0</segmented>
	<object>
		<name>mammogram</name>
		<pose>Unspecified</pose>
		<truncated>0</truncated>
		<difficult>0</difficult>
		<occluded>0</occluded>
		<bndbox>
			<xmin>2</xmin>
			<xmax>213</xmax>
			<ymin>30</ymin>
			<ymax>375</ymax>
		</bndbox>
	</object>
</annotation>
