<annotation>
	<folder></folder>
	<filename>CC_1312979917_16639_png.rf.ffb5201de79a17d08b3c804e6c9d2cfb.jpg</filename>
	<path>CC_1312979917_16639_png.rf.ffb5201de79a17d08b3c804e6c9d2cfb.jpg</path>
	<source>
		<database>roboflow.ai</database>
	</source>
	<size>
		<width>416</width>
		<height>416</height>
		<depth>3</depth>
	</size>
	<segmented>0</segmented>
	<object>
		<name>mammogram</name>
		<pose>Unspecified</pose>
		<truncated>0</truncated>
		<difficult>0</difficult>
		<occluded>0</occluded>
		<bndbox>
			<xmin>1</xmin>
			<xmax>199</xmax>
			<ymin>58</ymin>
			<ymax>365</ymax>
		</bndbox>
	</object>
</annotation>
