<annotation>
	<folder></folder>
	<filename>CC_1741197997_36161_png.rf.6a809ce84b02c6e7e2b08dcc9686a3fd.jpg</filename>
	<path>CC_1741197997_36161_png.rf.6a809ce84b02c6e7e2b08dcc9686a3fd.jpg</path>
	<source>
		<database>roboflow.ai</database>
	</source>
	<size>
		<width>416</width>
		<height>416</height>
		<depth>3</depth>
	</size>
	<segmented>0</segmented>
	<object>
		<name>mammogram</name>
		<pose>Unspecified</pose>
		<truncated>0</truncated>
		<difficult>0</difficult>
		<occluded>0</occluded>
		<bndbox>
			<xmin>185</xmin>
			<xmax>417</xmax>
			<ymin>72</ymin>
			<ymax>376</ymax>
		</bndbox>
	</object>
</annotation>
