<annotation>
	<folder></folder>
	<filename>CC_1749776218_19486_png.rf.7ba741e74f8603be7421ba2a20453060.jpg</filename>
	<path>CC_1749776218_19486_png.rf.7ba741e74f8603be7421ba2a20453060.jpg</path>
	<source>
		<database>roboflow.ai</database>
	</source>
	<size>
		<width>416</width>
		<height>416</height>
		<depth>3</depth>
	</size>
	<segmented>0</segmented>
	<object>
		<name>mammogram</name>
		<pose>Unspecified</pose>
		<truncated>0</truncated>
		<difficult>0</difficult>
		<occluded>0</occluded>
		<bndbox>
			<xmin>1</xmin>
			<xmax>202</xmax>
			<ymin>38</ymin>
			<ymax>364</ymax>
		</bndbox>
	</object>
</annotation>
