<annotation>
	<folder></folder>
	<filename>CC_1237041576_38123_png.rf.429e7ac7b4c5116c48505ff65d2ad619.jpg</filename>
	<path>CC_1237041576_38123_png.rf.429e7ac7b4c5116c48505ff65d2ad619.jpg</path>
	<source>
		<database>roboflow.ai</database>
	</source>
	<size>
		<width>416</width>
		<height>416</height>
		<depth>3</depth>
	</size>
	<segmented>0</segmented>
	<object>
		<name>mammogram</name>
		<pose>Unspecified</pose>
		<truncated>0</truncated>
		<difficult>0</difficult>
		<occluded>0</occluded>
		<bndbox>
			<xmin>295</xmin>
			<xmax>417</xmax>
			<ymin>58</ymin>
			<ymax>388</ymax>
		</bndbox>
	</object>
</annotation>
