<annotation>
	<folder></folder>
	<filename>CC_1053267482_17206_png.rf.2fb658839d56cc98057aae78395dee10.jpg</filename>
	<path>CC_1053267482_17206_png.rf.2fb658839d56cc98057aae78395dee10.jpg</path>
	<source>
		<database>roboflow.ai</database>
	</source>
	<size>
		<width>416</width>
		<height>416</height>
		<depth>3</depth>
	</size>
	<segmented>0</segmented>
	<object>
		<name>mammogram</name>
		<pose>Unspecified</pose>
		<truncated>0</truncated>
		<difficult>0</difficult>
		<occluded>0</occluded>
		<bndbox>
			<xmin>230</xmin>
			<xmax>417</xmax>
			<ymin>67</ymin>
			<ymax>417</ymax>
		</bndbox>
	</object>
</annotation>
