<annotation>
	<folder></folder>
	<filename>CC_1846316095_4696_png.rf.b0ee67f77b591c2c0129e124cc316780.jpg</filename>
	<path>CC_1846316095_4696_png.rf.b0ee67f77b591c2c0129e124cc316780.jpg</path>
	<source>
		<database>roboflow.ai</database>
	</source>
	<size>
		<width>416</width>
		<height>416</height>
		<depth>3</depth>
	</size>
	<segmented>0</segmented>
	<object>
		<name>mammogram</name>
		<pose>Unspecified</pose>
		<truncated>0</truncated>
		<difficult>0</difficult>
		<occluded>0</occluded>
		<bndbox>
			<xmin>1</xmin>
			<xmax>201</xmax>
			<ymin>10</ymin>
			<ymax>323</ymax>
		</bndbox>
	</object>
</annotation>
