<annotation>
	<folder></folder>
	<filename>CC_155241368_7339_png.rf.35cc6664da4892b01747b830393c46ea.jpg</filename>
	<path>CC_155241368_7339_png.rf.35cc6664da4892b01747b830393c46ea.jpg</path>
	<source>
		<database>roboflow.ai</database>
	</source>
	<size>
		<width>416</width>
		<height>416</height>
		<depth>3</depth>
	</size>
	<segmented>0</segmented>
	<object>
		<name>mammogram</name>
		<pose>Unspecified</pose>
		<truncated>0</truncated>
		<difficult>0</difficult>
		<occluded>0</occluded>
		<bndbox>
			<xmin>1</xmin>
			<xmax>229</xmax>
			<ymin>10</ymin>
			<ymax>417</ymax>
		</bndbox>
	</object>
</annotation>
