<annotation>
	<folder></folder>
	<filename>CC_1382303805_58610_png.rf.98e340035f7d8ff60fb6773198643f77.jpg</filename>
	<path>CC_1382303805_58610_png.rf.98e340035f7d8ff60fb6773198643f77.jpg</path>
	<source>
		<database>roboflow.ai</database>
	</source>
	<size>
		<width>416</width>
		<height>416</height>
		<depth>3</depth>
	</size>
	<segmented>0</segmented>
	<object>
		<name>mammogram</name>
		<pose>Unspecified</pose>
		<truncated>0</truncated>
		<difficult>0</difficult>
		<occluded>0</occluded>
		<bndbox>
			<xmin>245</xmin>
			<xmax>417</xmax>
			<ymin>21</ymin>
			<ymax>347</ymax>
		</bndbox>
	</object>
</annotation>
