<annotation>
	<folder></folder>
	<filename>CC_1171817874_16346_png.rf.ec5b5de4ca5dd603b858b6f13f4a699e.jpg</filename>
	<path>CC_1171817874_16346_png.rf.ec5b5de4ca5dd603b858b6f13f4a699e.jpg</path>
	<source>
		<database>roboflow.ai</database>
	</source>
	<size>
		<width>416</width>
		<height>416</height>
		<depth>3</depth>
	</size>
	<segmented>0</segmented>
	<object>
		<name>mammogram</name>
		<pose>Unspecified</pose>
		<truncated>0</truncated>
		<difficult>0</difficult>
		<occluded>0</occluded>
		<bndbox>
			<xmin>163</xmin>
			<xmax>417</xmax>
			<ymin>23</ymin>
			<ymax>417</ymax>
		</bndbox>
	</object>
</annotation>
