<annotation>
	<folder></folder>
	<filename>CC_1559360810_9840_png.rf.18446657b0c9891419fa0b04ef493776.jpg</filename>
	<path>CC_1559360810_9840_png.rf.18446657b0c9891419fa0b04ef493776.jpg</path>
	<source>
		<database>roboflow.ai</database>
	</source>
	<size>
		<width>416</width>
		<height>416</height>
		<depth>3</depth>
	</size>
	<segmented>0</segmented>
	<object>
		<name>mammogram</name>
		<pose>Unspecified</pose>
		<truncated>0</truncated>
		<difficult>0</difficult>
		<occluded>0</occluded>
		<bndbox>
			<xmin>145</xmin>
			<xmax>417</xmax>
			<ymin>1</ymin>
			<ymax>351</ymax>
		</bndbox>
	</object>
</annotation>
