<annotation>
	<folder></folder>
	<filename>CC_1262_1620DDSM_png.rf.ba3b98b3979060cad8ef3c02f603bf01.jpg</filename>
	<path>CC_1262_1620DDSM_png.rf.ba3b98b3979060cad8ef3c02f603bf01.jpg</path>
	<source>
		<database>roboflow.ai</database>
	</source>
	<size>
		<width>416</width>
		<height>416</height>
		<depth>3</depth>
	</size>
	<segmented>0</segmented>
	<object>
		<name>mammogram</name>
		<pose>Unspecified</pose>
		<truncated>0</truncated>
		<difficult>0</difficult>
		<occluded>0</occluded>
		<bndbox>
			<xmin>6</xmin>
			<xmax>329</xmax>
			<ymin>53</ymin>
			<ymax>363</ymax>
		</bndbox>
	</object>
</annotation>
