<annotation>
	<folder></folder>
	<filename>CC_1329056769_32542_png.rf.0c5ba908c4bc49c705c6549cbd8a6062.jpg</filename>
	<path>CC_1329056769_32542_png.rf.0c5ba908c4bc49c705c6549cbd8a6062.jpg</path>
	<source>
		<database>roboflow.ai</database>
	</source>
	<size>
		<width>416</width>
		<height>416</height>
		<depth>3</depth>
	</size>
	<segmented>0</segmented>
	<object>
		<name>mammogram</name>
		<pose>Unspecified</pose>
		<truncated>0</truncated>
		<difficult>0</difficult>
		<occluded>0</occluded>
		<bndbox>
			<xmin>250</xmin>
			<xmax>417</xmax>
			<ymin>58</ymin>
			<ymax>385</ymax>
		</bndbox>
	</object>
</annotation>
