<annotation>
	<folder></folder>
	<filename>CC_134_0039DDSM_png.rf.178a7c49d5c23d1688a7b0750ce1ff90.jpg</filename>
	<path>CC_134_0039DDSM_png.rf.178a7c49d5c23d1688a7b0750ce1ff90.jpg</path>
	<source>
		<database>roboflow.ai</database>
	</source>
	<size>
		<width>416</width>
		<height>416</height>
		<depth>3</depth>
	</size>
	<segmented>0</segmented>
	<object>
		<name>mammogram</name>
		<pose>Unspecified</pose>
		<truncated>0</truncated>
		<difficult>0</difficult>
		<occluded>0</occluded>
		<bndbox>
			<xmin>282</xmin>
			<xmax>417</xmax>
			<ymin>86</ymin>
			<ymax>338</ymax>
		</bndbox>
	</object>
</annotation>
