<annotation>
	<folder></folder>
	<filename>CC_1960802307_5997_png.rf.2cf1da13d276b9bf41658139d3ee2063.jpg</filename>
	<path>CC_1960802307_5997_png.rf.2cf1da13d276b9bf41658139d3ee2063.jpg</path>
	<source>
		<database>roboflow.ai</database>
	</source>
	<size>
		<width>416</width>
		<height>416</height>
		<depth>3</depth>
	</size>
	<segmented>0</segmented>
	<object>
		<name>mammogram</name>
		<pose>Unspecified</pose>
		<truncated>0</truncated>
		<difficult>0</difficult>
		<occluded>0</occluded>
		<bndbox>
			<xmin>1</xmin>
			<xmax>321</xmax>
			<ymin>5</ymin>
			<ymax>398</ymax>
		</bndbox>
	</object>
</annotation>
