<annotation>
	<folder></folder>
	<filename>CC_1459651030_29341_png.rf.5aed21333e51c24df8c3b8129292c5a2.jpg</filename>
	<path>CC_1459651030_29341_png.rf.5aed21333e51c24df8c3b8129292c5a2.jpg</path>
	<source>
		<database>roboflow.ai</database>
	</source>
	<size>
		<width>416</width>
		<height>416</height>
		<depth>3</depth>
	</size>
	<segmented>0</segmented>
	<object>
		<name>mammogram</name>
		<pose>Unspecified</pose>
		<truncated>0</truncated>
		<difficult>0</difficult>
		<occluded>0</occluded>
		<bndbox>
			<xmin>240</xmin>
			<xmax>417</xmax>
			<ymin>74</ymin>
			<ymax>369</ymax>
		</bndbox>
	</object>
</annotation>
