<annotation>
	<folder></folder>
	<filename>CC_1182_1583DDSM_png.rf.f63ab9ffff84d1723245cebac7e486c2.jpg</filename>
	<path>CC_1182_1583DDSM_png.rf.f63ab9ffff84d1723245cebac7e486c2.jpg</path>
	<source>
		<database>roboflow.ai</database>
	</source>
	<size>
		<width>416</width>
		<height>416</height>
		<depth>3</depth>
	</size>
	<segmented>0</segmented>
	<object>
		<name>mammogram</name>
		<pose>Unspecified</pose>
		<truncated>0</truncated>
		<difficult>0</difficult>
		<occluded>0</occluded>
		<bndbox>
			<xmin>5</xmin>
			<xmax>357</xmax>
			<ymin>12</ymin>
			<ymax>384</ymax>
		</bndbox>
	</object>
</annotation>
