<annotation>
	<folder></folder>
	<filename>CC_1797943468_19159_png.rf.598cbbe16781832b0e0cbe9e799b38cc.jpg</filename>
	<path>CC_1797943468_19159_png.rf.598cbbe16781832b0e0cbe9e799b38cc.jpg</path>
	<source>
		<database>roboflow.ai</database>
	</source>
	<size>
		<width>416</width>
		<height>416</height>
		<depth>3</depth>
	</size>
	<segmented>0</segmented>
	<object>
		<name>mammogram</name>
		<pose>Unspecified</pose>
		<truncated>0</truncated>
		<difficult>0</difficult>
		<occluded>0</occluded>
		<bndbox>
			<xmin>1</xmin>
			<xmax>217</xmax>
			<ymin>63</ymin>
			<ymax>417</ymax>
		</bndbox>
	</object>
</annotation>
