<annotation>
	<folder></folder>
	<filename>CC_1746_3013DDSM_png.rf.6ed6759dc421d245e8e35a0c28003ab1.jpg</filename>
	<path>CC_1746_3013DDSM_png.rf.6ed6759dc421d245e8e35a0c28003ab1.jpg</path>
	<source>
		<database>roboflow.ai</database>
	</source>
	<size>
		<width>416</width>
		<height>416</height>
		<depth>3</depth>
	</size>
	<segmented>0</segmented>
	<object>
		<name>mammogram</name>
		<pose>Unspecified</pose>
		<truncated>0</truncated>
		<difficult>0</difficult>
		<occluded>0</occluded>
		<bndbox>
			<xmin>190</xmin>
			<xmax>417</xmax>
			<ymin>31</ymin>
			<ymax>368</ymax>
		</bndbox>
	</object>
</annotation>
