<annotation>
	<folder></folder>
	<filename>CC_1448_1700DDSM_png.rf.5595b23fd0ba74b18f2267868c0ca94d.jpg</filename>
	<path>CC_1448_1700DDSM_png.rf.5595b23fd0ba74b18f2267868c0ca94d.jpg</path>
	<source>
		<database>roboflow.ai</database>
	</source>
	<size>
		<width>416</width>
		<height>416</height>
		<depth>3</depth>
	</size>
	<segmented>0</segmented>
	<object>
		<name>mammogram</name>
		<pose>Unspecified</pose>
		<truncated>0</truncated>
		<difficult>0</difficult>
		<occluded>0</occluded>
		<bndbox>
			<xmin>107</xmin>
			<xmax>417</xmax>
			<ymin>46</ymin>
			<ymax>358</ymax>
		</bndbox>
	</object>
</annotation>
