<annotation>
	<folder></folder>
	<filename>CC_1960609663_50741_png.rf.2646041ea5be5b4914429a119e1f822f.jpg</filename>
	<path>CC_1960609663_50741_png.rf.2646041ea5be5b4914429a119e1f822f.jpg</path>
	<source>
		<database>roboflow.ai</database>
	</source>
	<size>
		<width>416</width>
		<height>416</height>
		<depth>3</depth>
	</size>
	<segmented>0</segmented>
	<object>
		<name>mammogram</name>
		<pose>Unspecified</pose>
		<truncated>0</truncated>
		<difficult>0</difficult>
		<occluded>0</occluded>
		<bndbox>
			<xmin>160</xmin>
			<xmax>417</xmax>
			<ymin>28</ymin>
			<ymax>370</ymax>
		</bndbox>
	</object>
</annotation>
