<annotation>
	<folder></folder>
	<filename>CC_1288050525_38946_png.rf.f9aebdf9409c25e311588795a1dc0e3c.jpg</filename>
	<path>CC_1288050525_38946_png.rf.f9aebdf9409c25e311588795a1dc0e3c.jpg</path>
	<source>
		<database>roboflow.ai</database>
	</source>
	<size>
		<width>416</width>
		<height>416</height>
		<depth>3</depth>
	</size>
	<segmented>0</segmented>
	<object>
		<name>mammogram</name>
		<pose>Unspecified</pose>
		<truncated>0</truncated>
		<difficult>0</difficult>
		<occluded>0</occluded>
		<bndbox>
			<xmin>305</xmin>
			<xmax>417</xmax>
			<ymin>61</ymin>
			<ymax>318</ymax>
		</bndbox>
	</object>
</annotation>
