<annotation>
	<folder></folder>
	<filename>CC_141266182_36420_png.rf.538cfb4ac220b9ea8d0e93907966ca07.jpg</filename>
	<path>CC_141266182_36420_png.rf.538cfb4ac220b9ea8d0e93907966ca07.jpg</path>
	<source>
		<database>roboflow.ai</database>
	</source>
	<size>
		<width>416</width>
		<height>416</height>
		<depth>3</depth>
	</size>
	<segmented>0</segmented>
	<object>
		<name>mammogram</name>
		<pose>Unspecified</pose>
		<truncated>0</truncated>
		<difficult>0</difficult>
		<occluded>0</occluded>
		<bndbox>
			<xmin>199</xmin>
			<xmax>417</xmax>
			<ymin>28</ymin>
			<ymax>378</ymax>
		</bndbox>
	</object>
</annotation>
