<annotation>
	<folder></folder>
	<filename>CC_1163600434_53068_png.rf.ab639e89cce33293008165ba5208908e.jpg</filename>
	<path>CC_1163600434_53068_png.rf.ab639e89cce33293008165ba5208908e.jpg</path>
	<source>
		<database>roboflow.ai</database>
	</source>
	<size>
		<width>416</width>
		<height>416</height>
		<depth>3</depth>
	</size>
	<segmented>0</segmented>
	<object>
		<name>mammogram</name>
		<pose>Unspecified</pose>
		<truncated>0</truncated>
		<difficult>0</difficult>
		<occluded>0</occluded>
		<bndbox>
			<xmin>316</xmin>
			<xmax>417</xmax>
			<ymin>71</ymin>
			<ymax>316</ymax>
		</bndbox>
	</object>
</annotation>
