<annotation>
	<folder></folder>
	<filename>CC_1952765032_19578_png.rf.c03b59b592bf71993f3483bbcf380e26.jpg</filename>
	<path>CC_1952765032_19578_png.rf.c03b59b592bf71993f3483bbcf380e26.jpg</path>
	<source>
		<database>roboflow.ai</database>
	</source>
	<size>
		<width>416</width>
		<height>416</height>
		<depth>3</depth>
	</size>
	<segmented>0</segmented>
	<object>
		<name>mammogram</name>
		<pose>Unspecified</pose>
		<truncated>0</truncated>
		<difficult>0</difficult>
		<occluded>0</occluded>
		<bndbox>
			<xmin>199</xmin>
			<xmax>417</xmax>
			<ymin>54</ymin>
			<ymax>367</ymax>
		</bndbox>
	</object>
</annotation>
