<annotation>
	<folder></folder>
	<filename>CC_1810962480_63703_png.rf.370ce0d6f95b11459fa586f105ed9bde.jpg</filename>
	<path>CC_1810962480_63703_png.rf.370ce0d6f95b11459fa586f105ed9bde.jpg</path>
	<source>
		<database>roboflow.ai</database>
	</source>
	<size>
		<width>416</width>
		<height>416</height>
		<depth>3</depth>
	</size>
	<segmented>0</segmented>
	<object>
		<name>mammogram</name>
		<pose>Unspecified</pose>
		<truncated>0</truncated>
		<difficult>0</difficult>
		<occluded>0</occluded>
		<bndbox>
			<xmin>254</xmin>
			<xmax>417</xmax>
			<ymin>38</ymin>
			<ymax>393</ymax>
		</bndbox>
	</object>
</annotation>
