<annotation>
	<folder></folder>
	<filename>CC_1067532013_54463_png.rf.11c4493fa03c6f42f9b945a04d0c6cb3.jpg</filename>
	<path>CC_1067532013_54463_png.rf.11c4493fa03c6f42f9b945a04d0c6cb3.jpg</path>
	<source>
		<database>roboflow.ai</database>
	</source>
	<size>
		<width>416</width>
		<height>416</height>
		<depth>3</depth>
	</size>
	<segmented>0</segmented>
	<object>
		<name>mammogram</name>
		<pose>Unspecified</pose>
		<truncated>0</truncated>
		<difficult>0</difficult>
		<occluded>0</occluded>
		<bndbox>
			<xmin>254</xmin>
			<xmax>417</xmax>
			<ymin>61</ymin>
			<ymax>376</ymax>
		</bndbox>
	</object>
</annotation>
