<annotation>
	<folder></folder>
	<filename>CC_1921555219_7909_png.rf.3e1b2a20014ce03ed1f0b6c1152c21ef.jpg</filename>
	<path>CC_1921555219_7909_png.rf.3e1b2a20014ce03ed1f0b6c1152c21ef.jpg</path>
	<source>
		<database>roboflow.ai</database>
	</source>
	<size>
		<width>416</width>
		<height>416</height>
		<depth>3</depth>
	</size>
	<segmented>0</segmented>
	<object>
		<name>mammogram</name>
		<pose>Unspecified</pose>
		<truncated>0</truncated>
		<difficult>0</difficult>
		<occluded>0</occluded>
		<bndbox>
			<xmin>202</xmin>
			<xmax>417</xmax>
			<ymin>37</ymin>
			<ymax>379</ymax>
		</bndbox>
	</object>
</annotation>
