<annotation>
	<folder></folder>
	<filename>CC_1169350809_29920_png.rf.c1005e3bd0c381fc6a23ec253e9ff580.jpg</filename>
	<path>CC_1169350809_29920_png.rf.c1005e3bd0c381fc6a23ec253e9ff580.jpg</path>
	<source>
		<database>roboflow.ai</database>
	</source>
	<size>
		<width>416</width>
		<height>416</height>
		<depth>3</depth>
	</size>
	<segmented>0</segmented>
	<object>
		<name>mammogram</name>
		<pose>Unspecified</pose>
		<truncated>0</truncated>
		<difficult>0</difficult>
		<occluded>0</occluded>
		<bndbox>
			<xmin>1</xmin>
			<xmax>185</xmax>
			<ymin>68</ymin>
			<ymax>372</ymax>
		</bndbox>
	</object>
</annotation>
