<annotation>
	<folder></folder>
	<filename>CC_1452_1701DDSM_png.rf.6241595cd4ab2fe66600fd89b8acd5b7.jpg</filename>
	<path>CC_1452_1701DDSM_png.rf.6241595cd4ab2fe66600fd89b8acd5b7.jpg</path>
	<source>
		<database>roboflow.ai</database>
	</source>
	<size>
		<width>416</width>
		<height>416</height>
		<depth>3</depth>
	</size>
	<segmented>0</segmented>
	<object>
		<name>mammogram</name>
		<pose>Unspecified</pose>
		<truncated>0</truncated>
		<difficult>0</difficult>
		<occluded>0</occluded>
		<bndbox>
			<xmin>10</xmin>
			<xmax>411</xmax>
			<ymin>4</ymin>
			<ymax>397</ymax>
		</bndbox>
	</object>
</annotation>
