<annotation>
	<folder></folder>
	<filename>CC_1955596222_3981_png.rf.fafa896e8047b91940be6846f06f6456.jpg</filename>
	<path>CC_1955596222_3981_png.rf.fafa896e8047b91940be6846f06f6456.jpg</path>
	<source>
		<database>roboflow.ai</database>
	</source>
	<size>
		<width>416</width>
		<height>416</height>
		<depth>3</depth>
	</size>
	<segmented>0</segmented>
	<object>
		<name>mammogram</name>
		<pose>Unspecified</pose>
		<truncated>0</truncated>
		<difficult>0</difficult>
		<occluded>0</occluded>
		<bndbox>
			<xmin>229</xmin>
			<xmax>417</xmax>
			<ymin>41</ymin>
			<ymax>359</ymax>
		</bndbox>
	</object>
</annotation>
