<annotation>
	<folder></folder>
	<filename>CC_1283804942_22502_png.rf.3453aaeba7ae30c215d76598bee6b178.jpg</filename>
	<path>CC_1283804942_22502_png.rf.3453aaeba7ae30c215d76598bee6b178.jpg</path>
	<source>
		<database>roboflow.ai</database>
	</source>
	<size>
		<width>416</width>
		<height>416</height>
		<depth>3</depth>
	</size>
	<segmented>0</segmented>
	<object>
		<name>mammogram</name>
		<pose>Unspecified</pose>
		<truncated>0</truncated>
		<difficult>0</difficult>
		<occluded>0</occluded>
		<bndbox>
			<xmin>2</xmin>
			<xmax>150</xmax>
			<ymin>3</ymin>
			<ymax>366</ymax>
		</bndbox>
	</object>
</annotation>
