<annotation>
	<folder></folder>
	<filename>CC_1026238054_28747_png.rf.b9dc2789de4489b377e0b65e717967ec.jpg</filename>
	<path>CC_1026238054_28747_png.rf.b9dc2789de4489b377e0b65e717967ec.jpg</path>
	<source>
		<database>roboflow.ai</database>
	</source>
	<size>
		<width>416</width>
		<height>416</height>
		<depth>3</depth>
	</size>
	<segmented>0</segmented>
	<object>
		<name>mammogram</name>
		<pose>Unspecified</pose>
		<truncated>0</truncated>
		<difficult>0</difficult>
		<occluded>0</occluded>
		<bndbox>
			<xmin>3</xmin>
			<xmax>402</xmax>
			<ymin>23</ymin>
			<ymax>413</ymax>
		</bndbox>
	</object>
</annotation>
