<annotation>
	<folder></folder>
	<filename>CC_1327695628_60964_png.rf.99bcae93c12d1753ad78080a132d0e22.jpg</filename>
	<path>CC_1327695628_60964_png.rf.99bcae93c12d1753ad78080a132d0e22.jpg</path>
	<source>
		<database>roboflow.ai</database>
	</source>
	<size>
		<width>416</width>
		<height>416</height>
		<depth>3</depth>
	</size>
	<segmented>0</segmented>
	<object>
		<name>mammogram</name>
		<pose>Unspecified</pose>
		<truncated>0</truncated>
		<difficult>0</difficult>
		<occluded>0</occluded>
		<bndbox>
			<xmin>1</xmin>
			<xmax>177</xmax>
			<ymin>15</ymin>
			<ymax>361</ymax>
		</bndbox>
	</object>
</annotation>
