<annotation>
	<folder></folder>
	<filename>CC_1406_1675DDSM_png.rf.03bef7b69ca7172554b971452c1fe47e.jpg</filename>
	<path>CC_1406_1675DDSM_png.rf.03bef7b69ca7172554b971452c1fe47e.jpg</path>
	<source>
		<database>roboflow.ai</database>
	</source>
	<size>
		<width>416</width>
		<height>416</height>
		<depth>3</depth>
	</size>
	<segmented>0</segmented>
	<object>
		<name>mammogram</name>
		<pose>Unspecified</pose>
		<truncated>0</truncated>
		<difficult>0</difficult>
		<occluded>0</occluded>
		<bndbox>
			<xmin>6</xmin>
			<xmax>252</xmax>
			<ymin>3</ymin>
			<ymax>372</ymax>
		</bndbox>
	</object>
</annotation>
