<annotation>
	<folder></folder>
	<filename>CC_1735447826_4474_png.rf.164c5b49a7d32d98d9139dea17160413.jpg</filename>
	<path>CC_1735447826_4474_png.rf.164c5b49a7d32d98d9139dea17160413.jpg</path>
	<source>
		<database>roboflow.ai</database>
	</source>
	<size>
		<width>416</width>
		<height>416</height>
		<depth>3</depth>
	</size>
	<segmented>0</segmented>
	<object>
		<name>mammogram</name>
		<pose>Unspecified</pose>
		<truncated>0</truncated>
		<difficult>0</difficult>
		<occluded>0</occluded>
		<bndbox>
			<xmin>1</xmin>
			<xmax>144</xmax>
			<ymin>16</ymin>
			<ymax>417</ymax>
		</bndbox>
	</object>
</annotation>
