<annotation>
	<folder></folder>
	<filename>CC_1121948452_64722_png.rf.08cd9b1c25d36f0163e8e8d89c2f55ed.jpg</filename>
	<path>CC_1121948452_64722_png.rf.08cd9b1c25d36f0163e8e8d89c2f55ed.jpg</path>
	<source>
		<database>roboflow.ai</database>
	</source>
	<size>
		<width>416</width>
		<height>416</height>
		<depth>3</depth>
	</size>
	<segmented>0</segmented>
	<object>
		<name>mammogram</name>
		<pose>Unspecified</pose>
		<truncated>0</truncated>
		<difficult>0</difficult>
		<occluded>0</occluded>
		<bndbox>
			<xmin>1</xmin>
			<xmax>213</xmax>
			<ymin>21</ymin>
			<ymax>397</ymax>
		</bndbox>
	</object>
</annotation>
