<annotation>
	<folder></folder>
	<filename>CC_1566_1828DDSM_png.rf.01b7021b0802fc571725940e70f582d9.jpg</filename>
	<path>CC_1566_1828DDSM_png.rf.01b7021b0802fc571725940e70f582d9.jpg</path>
	<source>
		<database>roboflow.ai</database>
	</source>
	<size>
		<width>416</width>
		<height>416</height>
		<depth>3</depth>
	</size>
	<segmented>0</segmented>
	<object>
		<name>mammogram</name>
		<pose>Unspecified</pose>
		<truncated>0</truncated>
		<difficult>0</difficult>
		<occluded>0</occluded>
		<bndbox>
			<xmin>10</xmin>
			<xmax>363</xmax>
			<ymin>27</ymin>
			<ymax>379</ymax>
		</bndbox>
	</object>
</annotation>
