<annotation>
	<folder></folder>
	<filename>CC_1922052710_64908_png.rf.d5e62c050849399003556f9f390b8e8a.jpg</filename>
	<path>CC_1922052710_64908_png.rf.d5e62c050849399003556f9f390b8e8a.jpg</path>
	<source>
		<database>roboflow.ai</database>
	</source>
	<size>
		<width>416</width>
		<height>416</height>
		<depth>3</depth>
	</size>
	<segmented>0</segmented>
	<object>
		<name>mammogram</name>
		<pose>Unspecified</pose>
		<truncated>0</truncated>
		<difficult>0</difficult>
		<occluded>0</occluded>
		<bndbox>
			<xmin>1</xmin>
			<xmax>200</xmax>
			<ymin>20</ymin>
			<ymax>359</ymax>
		</bndbox>
	</object>
</annotation>
