<annotation>
	<folder></folder>
	<filename>CC_1898_3053DDSM_png.rf.4da78c0fc9cec38861974e9d6483011f.jpg</filename>
	<path>CC_1898_3053DDSM_png.rf.4da78c0fc9cec38861974e9d6483011f.jpg</path>
	<source>
		<database>roboflow.ai</database>
	</source>
	<size>
		<width>416</width>
		<height>416</height>
		<depth>3</depth>
	</size>
	<segmented>0</segmented>
	<object>
		<name>mammogram</name>
		<pose>Unspecified</pose>
		<truncated>0</truncated>
		<difficult>0</difficult>
		<occluded>0</occluded>
		<bndbox>
			<xmin>198</xmin>
			<xmax>417</xmax>
			<ymin>52</ymin>
			<ymax>372</ymax>
		</bndbox>
	</object>
</annotation>
