<annotation>
	<folder></folder>
	<filename>CC_1001606983_42642_png.rf.6b49ef519da0d48ed5db459815da1d51.jpg</filename>
	<path>CC_1001606983_42642_png.rf.6b49ef519da0d48ed5db459815da1d51.jpg</path>
	<source>
		<database>roboflow.ai</database>
	</source>
	<size>
		<width>416</width>
		<height>416</height>
		<depth>3</depth>
	</size>
	<segmented>0</segmented>
	<object>
		<name>mammogram</name>
		<pose>Unspecified</pose>
		<truncated>0</truncated>
		<difficult>0</difficult>
		<occluded>0</occluded>
		<bndbox>
			<xmin>1</xmin>
			<xmax>230</xmax>
			<ymin>1</ymin>
			<ymax>400</ymax>
		</bndbox>
	</object>
</annotation>
