<annotation>
	<folder></folder>
	<filename>CC_1020865684_59551_png.rf.c73a1f3cc9cfca95a8c0dcadd0f93eea.jpg</filename>
	<path>CC_1020865684_59551_png.rf.c73a1f3cc9cfca95a8c0dcadd0f93eea.jpg</path>
	<source>
		<database>roboflow.ai</database>
	</source>
	<size>
		<width>416</width>
		<height>416</height>
		<depth>3</depth>
	</size>
	<segmented>0</segmented>
	<object>
		<name>mammogram</name>
		<pose>Unspecified</pose>
		<truncated>0</truncated>
		<difficult>0</difficult>
		<occluded>0</occluded>
		<bndbox>
			<xmin>264</xmin>
			<xmax>417</xmax>
			<ymin>25</ymin>
			<ymax>333</ymax>
		</bndbox>
	</object>
</annotation>
