<annotation>
	<folder></folder>
	<filename>CC_1128652735_55495_png.rf.01765ba59eefa2c0f3225d7715c19b4e.jpg</filename>
	<path>CC_1128652735_55495_png.rf.01765ba59eefa2c0f3225d7715c19b4e.jpg</path>
	<source>
		<database>roboflow.ai</database>
	</source>
	<size>
		<width>416</width>
		<height>416</height>
		<depth>3</depth>
	</size>
	<segmented>0</segmented>
	<object>
		<name>mammogram</name>
		<pose>Unspecified</pose>
		<truncated>0</truncated>
		<difficult>0</difficult>
		<occluded>0</occluded>
		<bndbox>
			<xmin>129</xmin>
			<xmax>417</xmax>
			<ymin>1</ymin>
			<ymax>417</ymax>
		</bndbox>
	</object>
</annotation>
