<annotation>
	<folder></folder>
	<filename>CC_1864617461_55692_png.rf.173f12076da50869f4db40b8e6b0ebcb.jpg</filename>
	<path>CC_1864617461_55692_png.rf.173f12076da50869f4db40b8e6b0ebcb.jpg</path>
	<source>
		<database>roboflow.ai</database>
	</source>
	<size>
		<width>416</width>
		<height>416</height>
		<depth>3</depth>
	</size>
	<segmented>0</segmented>
	<object>
		<name>mammogram</name>
		<pose>Unspecified</pose>
		<truncated>0</truncated>
		<difficult>0</difficult>
		<occluded>0</occluded>
		<bndbox>
			<xmin>1</xmin>
			<xmax>229</xmax>
			<ymin>35</ymin>
			<ymax>389</ymax>
		</bndbox>
	</object>
</annotation>
