<annotation>
	<folder></folder>
	<filename>CC_1223569992_28989_png.rf.69ace82bb03df1e3a692da7961634e03.jpg</filename>
	<path>CC_1223569992_28989_png.rf.69ace82bb03df1e3a692da7961634e03.jpg</path>
	<source>
		<database>roboflow.ai</database>
	</source>
	<size>
		<width>416</width>
		<height>416</height>
		<depth>3</depth>
	</size>
	<segmented>0</segmented>
	<object>
		<name>mammogram</name>
		<pose>Unspecified</pose>
		<truncated>0</truncated>
		<difficult>0</difficult>
		<occluded>0</occluded>
		<bndbox>
			<xmin>15</xmin>
			<xmax>417</xmax>
			<ymin>1</ymin>
			<ymax>387</ymax>
		</bndbox>
	</object>
</annotation>
