<annotation>
	<folder></folder>
	<filename>CC_1487891187_18106_png.rf.fef60f095cf46a63ba34526235a95cc1.jpg</filename>
	<path>CC_1487891187_18106_png.rf.fef60f095cf46a63ba34526235a95cc1.jpg</path>
	<source>
		<database>roboflow.ai</database>
	</source>
	<size>
		<width>416</width>
		<height>416</height>
		<depth>3</depth>
	</size>
	<segmented>0</segmented>
	<object>
		<name>mammogram</name>
		<pose>Unspecified</pose>
		<truncated>0</truncated>
		<difficult>0</difficult>
		<occluded>0</occluded>
		<bndbox>
			<xmin>2</xmin>
			<xmax>190</xmax>
			<ymin>63</ymin>
			<ymax>358</ymax>
		</bndbox>
	</object>
</annotation>
