<annotation>
	<folder></folder>
	<filename>CC_285756005_7493_png.rf.30682d171625ae38658e973247cd2ef0.jpg</filename>
	<path>CC_285756005_7493_png.rf.30682d171625ae38658e973247cd2ef0.jpg</path>
	<source>
		<database>roboflow.ai</database>
	</source>
	<size>
		<width>416</width>
		<height>416</height>
		<depth>3</depth>
	</size>
	<segmented>0</segmented>
	<object>
		<name>mammogram</name>
		<pose>Unspecified</pose>
		<truncated>0</truncated>
		<difficult>0</difficult>
		<occluded>0</occluded>
		<bndbox>
			<xmin>1</xmin>
			<xmax>176</xmax>
			<ymin>46</ymin>
			<ymax>380</ymax>
		</bndbox>
	</object>
</annotation>
