<annotation>
	<folder></folder>
	<filename>CC_2442_4115DDSM_png.rf.a2ed6d2e298ad8c9e42792c6bc73a9f3.jpg</filename>
	<path>CC_2442_4115DDSM_png.rf.a2ed6d2e298ad8c9e42792c6bc73a9f3.jpg</path>
	<source>
		<database>roboflow.ai</database>
	</source>
	<size>
		<width>416</width>
		<height>416</height>
		<depth>3</depth>
	</size>
	<segmented>0</segmented>
	<object>
		<name>mammogram</name>
		<pose>Unspecified</pose>
		<truncated>0</truncated>
		<difficult>0</difficult>
		<occluded>0</occluded>
		<bndbox>
			<xmin>90</xmin>
			<xmax>417</xmax>
			<ymin>31</ymin>
			<ymax>361</ymax>
		</bndbox>
	</object>
</annotation>
