<annotation>
	<folder></folder>
	<filename>CC_2228_3476DDSM_png.rf.14be31a92072bbbe0e4dee80a4570bed.jpg</filename>
	<path>CC_2228_3476DDSM_png.rf.14be31a92072bbbe0e4dee80a4570bed.jpg</path>
	<source>
		<database>roboflow.ai</database>
	</source>
	<size>
		<width>416</width>
		<height>416</height>
		<depth>3</depth>
	</size>
	<segmented>0</segmented>
	<object>
		<name>mammogram</name>
		<pose>Unspecified</pose>
		<truncated>0</truncated>
		<difficult>0</difficult>
		<occluded>0</occluded>
		<bndbox>
			<xmin>7</xmin>
			<xmax>353</xmax>
			<ymin>6</ymin>
			<ymax>389</ymax>
		</bndbox>
	</object>
</annotation>
