<annotation>
	<folder></folder>
	<filename>CC_2070_3137DDSM_png.rf.bbf29e2bc5ae0d110b84acb46735eafc.jpg</filename>
	<path>CC_2070_3137DDSM_png.rf.bbf29e2bc5ae0d110b84acb46735eafc.jpg</path>
	<source>
		<database>roboflow.ai</database>
	</source>
	<size>
		<width>416</width>
		<height>416</height>
		<depth>3</depth>
	</size>
	<segmented>0</segmented>
	<object>
		<name>mammogram</name>
		<pose>Unspecified</pose>
		<truncated>0</truncated>
		<difficult>0</difficult>
		<occluded>0</occluded>
		<bndbox>
			<xmin>77</xmin>
			<xmax>417</xmax>
			<ymin>38</ymin>
			<ymax>415</ymax>
		</bndbox>
	</object>
</annotation>
