<annotation>
	<folder></folder>
	<filename>CC_2388_4102DDSM_png.rf.2ed3c04ff06e254ffbe87d1c8f5784d1.jpg</filename>
	<path>CC_2388_4102DDSM_png.rf.2ed3c04ff06e254ffbe87d1c8f5784d1.jpg</path>
	<source>
		<database>roboflow.ai</database>
	</source>
	<size>
		<width>416</width>
		<height>416</height>
		<depth>3</depth>
	</size>
	<segmented>0</segmented>
	<object>
		<name>mammogram</name>
		<pose>Unspecified</pose>
		<truncated>0</truncated>
		<difficult>0</difficult>
		<occluded>0</occluded>
		<bndbox>
			<xmin>13</xmin>
			<xmax>252</xmax>
			<ymin>53</ymin>
			<ymax>353</ymax>
		</bndbox>
	</object>
</annotation>
