<annotation>
	<folder></folder>
	<filename>CC_2354_4049DDSM_png.rf.78a3d203b8f5ded3d46eebbda9d87417.jpg</filename>
	<path>CC_2354_4049DDSM_png.rf.78a3d203b8f5ded3d46eebbda9d87417.jpg</path>
	<source>
		<database>roboflow.ai</database>
	</source>
	<size>
		<width>416</width>
		<height>416</height>
		<depth>3</depth>
	</size>
	<segmented>0</segmented>
	<object>
		<name>mammogram</name>
		<pose>Unspecified</pose>
		<truncated>0</truncated>
		<difficult>0</difficult>
		<occluded>0</occluded>
		<bndbox>
			<xmin>128</xmin>
			<xmax>417</xmax>
			<ymin>31</ymin>
			<ymax>359</ymax>
		</bndbox>
	</object>
</annotation>
