<annotation>
	<folder></folder>
	<filename>CC_2141709197_46095_png.rf.c134cbd366d5fab7373019d44cc77f86.jpg</filename>
	<path>CC_2141709197_46095_png.rf.c134cbd366d5fab7373019d44cc77f86.jpg</path>
	<source>
		<database>roboflow.ai</database>
	</source>
	<size>
		<width>416</width>
		<height>416</height>
		<depth>3</depth>
	</size>
	<segmented>0</segmented>
	<object>
		<name>mammogram</name>
		<pose>Unspecified</pose>
		<truncated>0</truncated>
		<difficult>0</difficult>
		<occluded>0</occluded>
		<bndbox>
			<xmin>5</xmin>
			<xmax>241</xmax>
			<ymin>15</ymin>
			<ymax>392</ymax>
		</bndbox>
	</object>
</annotation>
