<annotation>
	<folder></folder>
	<filename>CC_255665603_6528_png.rf.3a8175f8abcafe33a3ae703b04c53e7f.jpg</filename>
	<path>CC_255665603_6528_png.rf.3a8175f8abcafe33a3ae703b04c53e7f.jpg</path>
	<source>
		<database>roboflow.ai</database>
	</source>
	<size>
		<width>416</width>
		<height>416</height>
		<depth>3</depth>
	</size>
	<segmented>0</segmented>
	<object>
		<name>mammogram</name>
		<pose>Unspecified</pose>
		<truncated>0</truncated>
		<difficult>0</difficult>
		<occluded>0</occluded>
		<bndbox>
			<xmin>201</xmin>
			<xmax>417</xmax>
			<ymin>41</ymin>
			<ymax>370</ymax>
		</bndbox>
	</object>
</annotation>
