<annotation>
	<folder></folder>
	<filename>CC_2085538442_49130_png.rf.a6f6385899c0c35ab711684fb89c742f.jpg</filename>
	<path>CC_2085538442_49130_png.rf.a6f6385899c0c35ab711684fb89c742f.jpg</path>
	<source>
		<database>roboflow.ai</database>
	</source>
	<size>
		<width>416</width>
		<height>416</height>
		<depth>3</depth>
	</size>
	<segmented>0</segmented>
	<object>
		<name>mammogram</name>
		<pose>Unspecified</pose>
		<truncated>0</truncated>
		<difficult>0</difficult>
		<occluded>0</occluded>
		<bndbox>
			<xmin>1</xmin>
			<xmax>191</xmax>
			<ymin>32</ymin>
			<ymax>399</ymax>
		</bndbox>
	</object>
</annotation>
