<annotation>
	<folder></folder>
	<filename>CC_2766_0018DDSM_png.rf.8012e6c393e6edbd54de03632ae56baa.jpg</filename>
	<path>CC_2766_0018DDSM_png.rf.8012e6c393e6edbd54de03632ae56baa.jpg</path>
	<source>
		<database>roboflow.ai</database>
	</source>
	<size>
		<width>416</width>
		<height>416</height>
		<depth>3</depth>
	</size>
	<segmented>0</segmented>
	<object>
		<name>mammogram</name>
		<pose>Unspecified</pose>
		<truncated>0</truncated>
		<difficult>0</difficult>
		<occluded>0</occluded>
		<bndbox>
			<xmin>1</xmin>
			<xmax>296</xmax>
			<ymin>28</ymin>
			<ymax>382</ymax>
		</bndbox>
	</object>
</annotation>
