<annotation>
	<folder></folder>
	<filename>CC_2698_4189DDSM_png.rf.07fe7e7a803a0143da9ff6637c9e0a3a.jpg</filename>
	<path>CC_2698_4189DDSM_png.rf.07fe7e7a803a0143da9ff6637c9e0a3a.jpg</path>
	<source>
		<database>roboflow.ai</database>
	</source>
	<size>
		<width>416</width>
		<height>416</height>
		<depth>3</depth>
	</size>
	<segmented>0</segmented>
	<object>
		<name>mammogram</name>
		<pose>Unspecified</pose>
		<truncated>0</truncated>
		<difficult>0</difficult>
		<occluded>0</occluded>
		<bndbox>
			<xmin>63</xmin>
			<xmax>417</xmax>
			<ymin>12</ymin>
			<ymax>379</ymax>
		</bndbox>
	</object>
</annotation>
