<annotation>
	<folder></folder>
	<filename>CC_2628_4162DDSM_png.rf.844434fbabde3ba630dbf480a3c9e95c.jpg</filename>
	<path>CC_2628_4162DDSM_png.rf.844434fbabde3ba630dbf480a3c9e95c.jpg</path>
	<source>
		<database>roboflow.ai</database>
	</source>
	<size>
		<width>416</width>
		<height>416</height>
		<depth>3</depth>
	</size>
	<segmented>0</segmented>
	<object>
		<name>mammogram</name>
		<pose>Unspecified</pose>
		<truncated>0</truncated>
		<difficult>0</difficult>
		<occluded>0</occluded>
		<bndbox>
			<xmin>1</xmin>
			<xmax>301</xmax>
			<ymin>48</ymin>
			<ymax>396</ymax>
		</bndbox>
	</object>
</annotation>
