<annotation>
	<folder></folder>
	<filename>CC_249677_24644_png.rf.3ac6e3fcdc2017229ee7114a4b0a0fcf.jpg</filename>
	<path>CC_249677_24644_png.rf.3ac6e3fcdc2017229ee7114a4b0a0fcf.jpg</path>
	<source>
		<database>roboflow.ai</database>
	</source>
	<size>
		<width>416</width>
		<height>416</height>
		<depth>3</depth>
	</size>
	<segmented>0</segmented>
	<object>
		<name>mammogram</name>
		<pose>Unspecified</pose>
		<truncated>0</truncated>
		<difficult>0</difficult>
		<occluded>0</occluded>
		<bndbox>
			<xmin>1</xmin>
			<xmax>286</xmax>
			<ymin>14</ymin>
			<ymax>398</ymax>
		</bndbox>
	</object>
</annotation>
