<annotation>
	<folder></folder>
	<filename>CC_2019930622_27890_png.rf.d98482582c3d8d4038027726b716c9a4.jpg</filename>
	<path>CC_2019930622_27890_png.rf.d98482582c3d8d4038027726b716c9a4.jpg</path>
	<source>
		<database>roboflow.ai</database>
	</source>
	<size>
		<width>416</width>
		<height>416</height>
		<depth>3</depth>
	</size>
	<segmented>0</segmented>
	<object>
		<name>mammogram</name>
		<pose>Unspecified</pose>
		<truncated>0</truncated>
		<difficult>0</difficult>
		<occluded>0</occluded>
		<bndbox>
			<xmin>253</xmin>
			<xmax>417</xmax>
			<ymin>64</ymin>
			<ymax>353</ymax>
		</bndbox>
	</object>
</annotation>
