<annotation>
	<folder></folder>
	<filename>CC_200855224_7034_png.rf.54f5d2c90259597e72452243c4d55d2c.jpg</filename>
	<path>CC_200855224_7034_png.rf.54f5d2c90259597e72452243c4d55d2c.jpg</path>
	<source>
		<database>roboflow.ai</database>
	</source>
	<size>
		<width>416</width>
		<height>416</height>
		<depth>3</depth>
	</size>
	<segmented>0</segmented>
	<object>
		<name>mammogram</name>
		<pose>Unspecified</pose>
		<truncated>0</truncated>
		<difficult>0</difficult>
		<occluded>0</occluded>
		<bndbox>
			<xmin>221</xmin>
			<xmax>417</xmax>
			<ymin>30</ymin>
			<ymax>385</ymax>
		</bndbox>
	</object>
</annotation>
