<annotation>
	<folder></folder>
	<filename>CC_2868_0053DDSM_png.rf.1f5c3d2e39b62373528374d0a557d102.jpg</filename>
	<path>CC_2868_0053DDSM_png.rf.1f5c3d2e39b62373528374d0a557d102.jpg</path>
	<source>
		<database>roboflow.ai</database>
	</source>
	<size>
		<width>416</width>
		<height>416</height>
		<depth>3</depth>
	</size>
	<segmented>0</segmented>
	<object>
		<name>mammogram</name>
		<pose>Unspecified</pose>
		<truncated>0</truncated>
		<difficult>0</difficult>
		<occluded>0</occluded>
		<bndbox>
			<xmin>100</xmin>
			<xmax>417</xmax>
			<ymin>22</ymin>
			<ymax>403</ymax>
		</bndbox>
	</object>
</annotation>
