<annotation>
	<folder></folder>
	<filename>CC_2120521410_8641_png.rf.24fa926adc7cb81b0b1da604e2200444.jpg</filename>
	<path>CC_2120521410_8641_png.rf.24fa926adc7cb81b0b1da604e2200444.jpg</path>
	<source>
		<database>roboflow.ai</database>
	</source>
	<size>
		<width>416</width>
		<height>416</height>
		<depth>3</depth>
	</size>
	<segmented>0</segmented>
	<object>
		<name>mammogram</name>
		<pose>Unspecified</pose>
		<truncated>0</truncated>
		<difficult>0</difficult>
		<occluded>0</occluded>
		<bndbox>
			<xmin>226</xmin>
			<xmax>417</xmax>
			<ymin>22</ymin>
			<ymax>381</ymax>
		</bndbox>
	</object>
</annotation>
