<annotation>
	<folder></folder>
	<filename>CC_2752_0014DDSM_png.rf.d47fbc1c450bd8aec600dd7a04a9b938.jpg</filename>
	<path>CC_2752_0014DDSM_png.rf.d47fbc1c450bd8aec600dd7a04a9b938.jpg</path>
	<source>
		<database>roboflow.ai</database>
	</source>
	<size>
		<width>416</width>
		<height>416</height>
		<depth>3</depth>
	</size>
	<segmented>0</segmented>
	<object>
		<name>mammogram</name>
		<pose>Unspecified</pose>
		<truncated>0</truncated>
		<difficult>0</difficult>
		<occluded>0</occluded>
		<bndbox>
			<xmin>189</xmin>
			<xmax>417</xmax>
			<ymin>12</ymin>
			<ymax>404</ymax>
		</bndbox>
	</object>
</annotation>
