<annotation>
	<folder></folder>
	<filename>CC_2998_0099DDSM_png.rf.13bad6aaf0e03c6172d7cce35c193f50.jpg</filename>
	<path>CC_2998_0099DDSM_png.rf.13bad6aaf0e03c6172d7cce35c193f50.jpg</path>
	<source>
		<database>roboflow.ai</database>
	</source>
	<size>
		<width>416</width>
		<height>416</height>
		<depth>3</depth>
	</size>
	<segmented>0</segmented>
	<object>
		<name>mammogram</name>
		<pose>Unspecified</pose>
		<truncated>0</truncated>
		<difficult>0</difficult>
		<occluded>0</occluded>
		<bndbox>
			<xmin>29</xmin>
			<xmax>354</xmax>
			<ymin>32</ymin>
			<ymax>375</ymax>
		</bndbox>
	</object>
</annotation>
