<annotation>
	<folder></folder>
	<filename>CC_2896_0062DDSM_png.rf.bd236be878d447f032c856429c8ed941.jpg</filename>
	<path>CC_2896_0062DDSM_png.rf.bd236be878d447f032c856429c8ed941.jpg</path>
	<source>
		<database>roboflow.ai</database>
	</source>
	<size>
		<width>416</width>
		<height>416</height>
		<depth>3</depth>
	</size>
	<segmented>0</segmented>
	<object>
		<name>mammogram</name>
		<pose>Unspecified</pose>
		<truncated>0</truncated>
		<difficult>0</difficult>
		<occluded>0</occluded>
		<bndbox>
			<xmin>31</xmin>
			<xmax>400</xmax>
			<ymin>33</ymin>
			<ymax>371</ymax>
		</bndbox>
	</object>
</annotation>
