<annotation>
	<folder></folder>
	<filename>CC_2292_3510DDSM_png.rf.6c82db61037c1d32858c1f007508fc95.jpg</filename>
	<path>CC_2292_3510DDSM_png.rf.6c82db61037c1d32858c1f007508fc95.jpg</path>
	<source>
		<database>roboflow.ai</database>
	</source>
	<size>
		<width>416</width>
		<height>416</height>
		<depth>3</depth>
	</size>
	<segmented>0</segmented>
	<object>
		<name>mammogram</name>
		<pose>Unspecified</pose>
		<truncated>0</truncated>
		<difficult>0</difficult>
		<occluded>0</occluded>
		<bndbox>
			<xmin>1</xmin>
			<xmax>248</xmax>
			<ymin>86</ymin>
			<ymax>363</ymax>
		</bndbox>
	</object>
</annotation>
