<annotation>
	<folder></folder>
	<filename>CC_29665687_5444_png.rf.d4c0ca76d401dee3d46e1cd74825e5db.jpg</filename>
	<path>CC_29665687_5444_png.rf.d4c0ca76d401dee3d46e1cd74825e5db.jpg</path>
	<source>
		<database>roboflow.ai</database>
	</source>
	<size>
		<width>416</width>
		<height>416</height>
		<depth>3</depth>
	</size>
	<segmented>0</segmented>
	<object>
		<name>mammogram</name>
		<pose>Unspecified</pose>
		<truncated>0</truncated>
		<difficult>0</difficult>
		<occluded>0</occluded>
		<bndbox>
			<xmin>1</xmin>
			<xmax>320</xmax>
			<ymin>47</ymin>
			<ymax>399</ymax>
		</bndbox>
	</object>
</annotation>
