<annotation>
	<folder></folder>
	<filename>CC_2412_4108DDSM_png.rf.42bbf412e40c5545b687e9eaeba6c8b7.jpg</filename>
	<path>CC_2412_4108DDSM_png.rf.42bbf412e40c5545b687e9eaeba6c8b7.jpg</path>
	<source>
		<database>roboflow.ai</database>
	</source>
	<size>
		<width>416</width>
		<height>416</height>
		<depth>3</depth>
	</size>
	<segmented>0</segmented>
	<object>
		<name>mammogram</name>
		<pose>Unspecified</pose>
		<truncated>0</truncated>
		<difficult>0</difficult>
		<occluded>0</occluded>
		<bndbox>
			<xmin>12</xmin>
			<xmax>299</xmax>
			<ymin>37</ymin>
			<ymax>386</ymax>
		</bndbox>
	</object>
</annotation>
