<annotation>
	<folder></folder>
	<filename>CC_2162_3397DDSM_png.rf.72d6fb67187a94c373193fcf375ee2c8.jpg</filename>
	<path>CC_2162_3397DDSM_png.rf.72d6fb67187a94c373193fcf375ee2c8.jpg</path>
	<source>
		<database>roboflow.ai</database>
	</source>
	<size>
		<width>416</width>
		<height>416</height>
		<depth>3</depth>
	</size>
	<segmented>0</segmented>
	<object>
		<name>mammogram</name>
		<pose>Unspecified</pose>
		<truncated>0</truncated>
		<difficult>0</difficult>
		<occluded>0</occluded>
		<bndbox>
			<xmin>251</xmin>
			<xmax>417</xmax>
			<ymin>45</ymin>
			<ymax>375</ymax>
		</bndbox>
	</object>
</annotation>
