<annotation>
	<folder></folder>
	<filename>CC_231365700_52199_png.rf.3b021d642526eaf30dfff9f6a010b1ac.jpg</filename>
	<path>CC_231365700_52199_png.rf.3b021d642526eaf30dfff9f6a010b1ac.jpg</path>
	<source>
		<database>roboflow.ai</database>
	</source>
	<size>
		<width>416</width>
		<height>416</height>
		<depth>3</depth>
	</size>
	<segmented>0</segmented>
	<object>
		<name>mammogram</name>
		<pose>Unspecified</pose>
		<truncated>0</truncated>
		<difficult>0</difficult>
		<occluded>0</occluded>
		<bndbox>
			<xmin>1</xmin>
			<xmax>178</xmax>
			<ymin>60</ymin>
			<ymax>379</ymax>
		</bndbox>
	</object>
</annotation>
