<annotation>
	<folder></folder>
	<filename>CC_212955895_44062_png.rf.f5666b97d4b47f73ac3e650554696844.jpg</filename>
	<path>CC_212955895_44062_png.rf.f5666b97d4b47f73ac3e650554696844.jpg</path>
	<source>
		<database>roboflow.ai</database>
	</source>
	<size>
		<width>416</width>
		<height>416</height>
		<depth>3</depth>
	</size>
	<segmented>0</segmented>
	<object>
		<name>mammogram</name>
		<pose>Unspecified</pose>
		<truncated>0</truncated>
		<difficult>0</difficult>
		<occluded>0</occluded>
		<bndbox>
			<xmin>279</xmin>
			<xmax>417</xmax>
			<ymin>44</ymin>
			<ymax>342</ymax>
		</bndbox>
	</object>
</annotation>
