<annotation>
	<folder></folder>
	<filename>CC_2592_4153DDSM_png.rf.437961d80b12e87fa9776b8d9baffccb.jpg</filename>
	<path>CC_2592_4153DDSM_png.rf.437961d80b12e87fa9776b8d9baffccb.jpg</path>
	<source>
		<database>roboflow.ai</database>
	</source>
	<size>
		<width>416</width>
		<height>416</height>
		<depth>3</depth>
	</size>
	<segmented>0</segmented>
	<object>
		<name>mammogram</name>
		<pose>Unspecified</pose>
		<truncated>0</truncated>
		<difficult>0</difficult>
		<occluded>0</occluded>
		<bndbox>
			<xmin>9</xmin>
			<xmax>340</xmax>
			<ymin>37</ymin>
			<ymax>368</ymax>
		</bndbox>
	</object>
</annotation>
