<annotation>
	<folder></folder>
	<filename>CC_2076204337_58432_png.rf.09688252d83f25950390ec18ef183e05.jpg</filename>
	<path>CC_2076204337_58432_png.rf.09688252d83f25950390ec18ef183e05.jpg</path>
	<source>
		<database>roboflow.ai</database>
	</source>
	<size>
		<width>416</width>
		<height>416</height>
		<depth>3</depth>
	</size>
	<segmented>0</segmented>
	<object>
		<name>mammogram</name>
		<pose>Unspecified</pose>
		<truncated>0</truncated>
		<difficult>0</difficult>
		<occluded>0</occluded>
		<bndbox>
			<xmin>1</xmin>
			<xmax>409</xmax>
			<ymin>1</ymin>
			<ymax>411</ymax>
		</bndbox>
	</object>
</annotation>
