<annotation>
	<folder></folder>
	<filename>CC_2254_3500DDSM_png.rf.86f6f269af7828755a5e8a532b2df83c.jpg</filename>
	<path>CC_2254_3500DDSM_png.rf.86f6f269af7828755a5e8a532b2df83c.jpg</path>
	<source>
		<database>roboflow.ai</database>
	</source>
	<size>
		<width>416</width>
		<height>416</height>
		<depth>3</depth>
	</size>
	<segmented>0</segmented>
	<object>
		<name>mammogram</name>
		<pose>Unspecified</pose>
		<truncated>0</truncated>
		<difficult>0</difficult>
		<occluded>0</occluded>
		<bndbox>
			<xmin>227</xmin>
			<xmax>417</xmax>
			<ymin>35</ymin>
			<ymax>379</ymax>
		</bndbox>
	</object>
</annotation>
