<annotation>
	<folder></folder>
	<filename>CC_2545700_33225_png.rf.3de5f7eebd813f024ce74a1f4786e5a4.jpg</filename>
	<path>CC_2545700_33225_png.rf.3de5f7eebd813f024ce74a1f4786e5a4.jpg</path>
	<source>
		<database>roboflow.ai</database>
	</source>
	<size>
		<width>416</width>
		<height>416</height>
		<depth>3</depth>
	</size>
	<segmented>0</segmented>
	<object>
		<name>mammogram</name>
		<pose>Unspecified</pose>
		<truncated>0</truncated>
		<difficult>0</difficult>
		<occluded>0</occluded>
		<bndbox>
			<xmin>288</xmin>
			<xmax>417</xmax>
			<ymin>54</ymin>
			<ymax>366</ymax>
		</bndbox>
	</object>
</annotation>
