<annotation>
	<folder></folder>
	<filename>CC_2958_0080DDSM_png.rf.7d8f95c699f761e3d47dc1b09789442d.jpg</filename>
	<path>CC_2958_0080DDSM_png.rf.7d8f95c699f761e3d47dc1b09789442d.jpg</path>
	<source>
		<database>roboflow.ai</database>
	</source>
	<size>
		<width>416</width>
		<height>416</height>
		<depth>3</depth>
	</size>
	<segmented>0</segmented>
	<object>
		<name>mammogram</name>
		<pose>Unspecified</pose>
		<truncated>0</truncated>
		<difficult>0</difficult>
		<occluded>0</occluded>
		<bndbox>
			<xmin>6</xmin>
			<xmax>329</xmax>
			<ymin>32</ymin>
			<ymax>370</ymax>
		</bndbox>
	</object>
</annotation>
