<annotation>
	<folder></folder>
	<filename>CC_2634_4163DDSM_png.rf.49bda07c73064b96c56271e3911fd271.jpg</filename>
	<path>CC_2634_4163DDSM_png.rf.49bda07c73064b96c56271e3911fd271.jpg</path>
	<source>
		<database>roboflow.ai</database>
	</source>
	<size>
		<width>416</width>
		<height>416</height>
		<depth>3</depth>
	</size>
	<segmented>0</segmented>
	<object>
		<name>mammogram</name>
		<pose>Unspecified</pose>
		<truncated>0</truncated>
		<difficult>0</difficult>
		<occluded>0</occluded>
		<bndbox>
			<xmin>139</xmin>
			<xmax>417</xmax>
			<ymin>74</ymin>
			<ymax>386</ymax>
		</bndbox>
	</object>
</annotation>
