<annotation>
	<folder></folder>
	<filename>CC_2880_0057DDSM_png.rf.e879474104320d1c367ceba8162a3b0e.jpg</filename>
	<path>CC_2880_0057DDSM_png.rf.e879474104320d1c367ceba8162a3b0e.jpg</path>
	<source>
		<database>roboflow.ai</database>
	</source>
	<size>
		<width>416</width>
		<height>416</height>
		<depth>3</depth>
	</size>
	<segmented>0</segmented>
	<object>
		<name>mammogram</name>
		<pose>Unspecified</pose>
		<truncated>0</truncated>
		<difficult>0</difficult>
		<occluded>0</occluded>
		<bndbox>
			<xmin>88</xmin>
			<xmax>417</xmax>
			<ymin>14</ymin>
			<ymax>401</ymax>
		</bndbox>
	</object>
</annotation>
