<annotation>
	<folder></folder>
	<filename>CC_2188_3406DDSM_png.rf.50bf828d51bee76efa2e602355495801.jpg</filename>
	<path>CC_2188_3406DDSM_png.rf.50bf828d51bee76efa2e602355495801.jpg</path>
	<source>
		<database>roboflow.ai</database>
	</source>
	<size>
		<width>416</width>
		<height>416</height>
		<depth>3</depth>
	</size>
	<segmented>0</segmented>
	<object>
		<name>mammogram</name>
		<pose>Unspecified</pose>
		<truncated>0</truncated>
		<difficult>0</difficult>
		<occluded>0</occluded>
		<bndbox>
			<xmin>1</xmin>
			<xmax>293</xmax>
			<ymin>37</ymin>
			<ymax>415</ymax>
		</bndbox>
	</object>
</annotation>
