<annotation>
	<folder></folder>
	<filename>CC_2686_4185DDSM_png.rf.0f754eb191117161add53ab1ae7ce4d9.jpg</filename>
	<path>CC_2686_4185DDSM_png.rf.0f754eb191117161add53ab1ae7ce4d9.jpg</path>
	<source>
		<database>roboflow.ai</database>
	</source>
	<size>
		<width>416</width>
		<height>416</height>
		<depth>3</depth>
	</size>
	<segmented>0</segmented>
	<object>
		<name>mammogram</name>
		<pose>Unspecified</pose>
		<truncated>0</truncated>
		<difficult>0</difficult>
		<occluded>0</occluded>
		<bndbox>
			<xmin>142</xmin>
			<xmax>417</xmax>
			<ymin>36</ymin>
			<ymax>403</ymax>
		</bndbox>
	</object>
</annotation>
