<annotation>
	<folder></folder>
	<filename>CC_2022531671_57525_png.rf.1b986f615ecbf84cb8441f4148755de7.jpg</filename>
	<path>CC_2022531671_57525_png.rf.1b986f615ecbf84cb8441f4148755de7.jpg</path>
	<source>
		<database>roboflow.ai</database>
	</source>
	<size>
		<width>416</width>
		<height>416</height>
		<depth>3</depth>
	</size>
	<segmented>0</segmented>
	<object>
		<name>mammogram</name>
		<pose>Unspecified</pose>
		<truncated>0</truncated>
		<difficult>0</difficult>
		<occluded>0</occluded>
		<bndbox>
			<xmin>138</xmin>
			<xmax>417</xmax>
			<ymin>2</ymin>
			<ymax>386</ymax>
		</bndbox>
	</object>
</annotation>
