<annotation>
	<folder></folder>
	<filename>CC_276588619_1759_png.rf.b2d5912c5ecb4ed0c1eb204abafae342.jpg</filename>
	<path>CC_276588619_1759_png.rf.b2d5912c5ecb4ed0c1eb204abafae342.jpg</path>
	<source>
		<database>roboflow.ai</database>
	</source>
	<size>
		<width>416</width>
		<height>416</height>
		<depth>3</depth>
	</size>
	<segmented>0</segmented>
	<object>
		<name>mammogram</name>
		<pose>Unspecified</pose>
		<truncated>0</truncated>
		<difficult>0</difficult>
		<occluded>0</occluded>
		<bndbox>
			<xmin>224</xmin>
			<xmax>417</xmax>
			<ymin>40</ymin>
			<ymax>351</ymax>
		</bndbox>
	</object>
</annotation>
