<annotation>
	<folder></folder>
	<filename>CC_2512_4133DDSM_png.rf.bf418ffc4880a384d46c0d845468ba89.jpg</filename>
	<path>CC_2512_4133DDSM_png.rf.bf418ffc4880a384d46c0d845468ba89.jpg</path>
	<source>
		<database>roboflow.ai</database>
	</source>
	<size>
		<width>416</width>
		<height>416</height>
		<depth>3</depth>
	</size>
	<segmented>0</segmented>
	<object>
		<name>mammogram</name>
		<pose>Unspecified</pose>
		<truncated>0</truncated>
		<difficult>0</difficult>
		<occluded>0</occluded>
		<bndbox>
			<xmin>1</xmin>
			<xmax>250</xmax>
			<ymin>41</ymin>
			<ymax>349</ymax>
		</bndbox>
	</object>
</annotation>
