<annotation>
	<folder></folder>
	<filename>CC_24_0007DDSM_png.rf.6f311a66bdfa80bbeac4c73887e20cfd.jpg</filename>
	<path>CC_24_0007DDSM_png.rf.6f311a66bdfa80bbeac4c73887e20cfd.jpg</path>
	<source>
		<database>roboflow.ai</database>
	</source>
	<size>
		<width>416</width>
		<height>416</height>
		<depth>3</depth>
	</size>
	<segmented>0</segmented>
	<object>
		<name>mammogram</name>
		<pose>Unspecified</pose>
		<truncated>0</truncated>
		<difficult>0</difficult>
		<occluded>0</occluded>
		<bndbox>
			<xmin>1</xmin>
			<xmax>226</xmax>
			<ymin>23</ymin>
			<ymax>374</ymax>
		</bndbox>
	</object>
</annotation>
