<annotation>
	<folder></folder>
	<filename>CC_2864_0052DDSM_png.rf.96dd3326c2c41f4d085ef5e76ca8688d.jpg</filename>
	<path>CC_2864_0052DDSM_png.rf.96dd3326c2c41f4d085ef5e76ca8688d.jpg</path>
	<source>
		<database>roboflow.ai</database>
	</source>
	<size>
		<width>416</width>
		<height>416</height>
		<depth>3</depth>
	</size>
	<segmented>0</segmented>
	<object>
		<name>mammogram</name>
		<pose>Unspecified</pose>
		<truncated>0</truncated>
		<difficult>0</difficult>
		<occluded>0</occluded>
		<bndbox>
			<xmin>106</xmin>
			<xmax>417</xmax>
			<ymin>45</ymin>
			<ymax>381</ymax>
		</bndbox>
	</object>
</annotation>
