<annotation>
	<folder></folder>
	<filename>CC_2678_4183DDSM_png.rf.fdca7c7c899d3916b8ea421cfff7ae3e.jpg</filename>
	<path>CC_2678_4183DDSM_png.rf.fdca7c7c899d3916b8ea421cfff7ae3e.jpg</path>
	<source>
		<database>roboflow.ai</database>
	</source>
	<size>
		<width>416</width>
		<height>416</height>
		<depth>3</depth>
	</size>
	<segmented>0</segmented>
	<object>
		<name>mammogram</name>
		<pose>Unspecified</pose>
		<truncated>0</truncated>
		<difficult>0</difficult>
		<occluded>0</occluded>
		<bndbox>
			<xmin>102</xmin>
			<xmax>417</xmax>
			<ymin>43</ymin>
			<ymax>375</ymax>
		</bndbox>
	</object>
</annotation>
