<annotation>
	<folder></folder>
	<filename>CC_242_0070DDSM_png.rf.a68402eefa715e65a177026655404d24.jpg</filename>
	<path>CC_242_0070DDSM_png.rf.a68402eefa715e65a177026655404d24.jpg</path>
	<source>
		<database>roboflow.ai</database>
	</source>
	<size>
		<width>416</width>
		<height>416</height>
		<depth>3</depth>
	</size>
	<segmented>0</segmented>
	<object>
		<name>mammogram</name>
		<pose>Unspecified</pose>
		<truncated>0</truncated>
		<difficult>0</difficult>
		<occluded>0</occluded>
		<bndbox>
			<xmin>218</xmin>
			<xmax>417</xmax>
			<ymin>44</ymin>
			<ymax>343</ymax>
		</bndbox>
	</object>
</annotation>
