<annotation>
	<folder></folder>
	<filename>CC_2022_3084DDSM_png.rf.c73b2ff5413a95ff86c6751bb2b6f582.jpg</filename>
	<path>CC_2022_3084DDSM_png.rf.c73b2ff5413a95ff86c6751bb2b6f582.jpg</path>
	<source>
		<database>roboflow.ai</database>
	</source>
	<size>
		<width>416</width>
		<height>416</height>
		<depth>3</depth>
	</size>
	<segmented>0</segmented>
	<object>
		<name>mammogram</name>
		<pose>Unspecified</pose>
		<truncated>0</truncated>
		<difficult>0</difficult>
		<occluded>0</occluded>
		<bndbox>
			<xmin>97</xmin>
			<xmax>417</xmax>
			<ymin>27</ymin>
			<ymax>374</ymax>
		</bndbox>
	</object>
</annotation>
