<annotation>
	<folder></folder>
	<filename>CC_2540_4140DDSM_png.rf.7484a28781bc3e491e815f71f37a5c69.jpg</filename>
	<path>CC_2540_4140DDSM_png.rf.7484a28781bc3e491e815f71f37a5c69.jpg</path>
	<source>
		<database>roboflow.ai</database>
	</source>
	<size>
		<width>416</width>
		<height>416</height>
		<depth>3</depth>
	</size>
	<segmented>0</segmented>
	<object>
		<name>mammogram</name>
		<pose>Unspecified</pose>
		<truncated>0</truncated>
		<difficult>0</difficult>
		<occluded>0</occluded>
		<bndbox>
			<xmin>5</xmin>
			<xmax>315</xmax>
			<ymin>3</ymin>
			<ymax>371</ymax>
		</bndbox>
	</object>
</annotation>
