<annotation>
	<folder></folder>
	<filename>CC_2398_4104DDSM_png.rf.d75d9b4c09d3581b00cf83332add21ff.jpg</filename>
	<path>CC_2398_4104DDSM_png.rf.d75d9b4c09d3581b00cf83332add21ff.jpg</path>
	<source>
		<database>roboflow.ai</database>
	</source>
	<size>
		<width>416</width>
		<height>416</height>
		<depth>3</depth>
	</size>
	<segmented>0</segmented>
	<object>
		<name>mammogram</name>
		<pose>Unspecified</pose>
		<truncated>0</truncated>
		<difficult>0</difficult>
		<occluded>0</occluded>
		<bndbox>
			<xmin>154</xmin>
			<xmax>417</xmax>
			<ymin>68</ymin>
			<ymax>347</ymax>
		</bndbox>
	</object>
</annotation>
