<annotation>
	<folder></folder>
	<filename>CC_240108548_36748_png.rf.f08e24f9184f9753ed035b149d12cc53.jpg</filename>
	<path>CC_240108548_36748_png.rf.f08e24f9184f9753ed035b149d12cc53.jpg</path>
	<source>
		<database>roboflow.ai</database>
	</source>
	<size>
		<width>416</width>
		<height>416</height>
		<depth>3</depth>
	</size>
	<segmented>0</segmented>
	<object>
		<name>mammogram</name>
		<pose>Unspecified</pose>
		<truncated>0</truncated>
		<difficult>0</difficult>
		<occluded>0</occluded>
		<bndbox>
			<xmin>219</xmin>
			<xmax>417</xmax>
			<ymin>23</ymin>
			<ymax>381</ymax>
		</bndbox>
	</object>
</annotation>
