<annotation>
	<folder></folder>
	<filename>CC_2614_4158DDSM_png.rf.595ab962d5ec2dc23cd01b9ac43254b2.jpg</filename>
	<path>CC_2614_4158DDSM_png.rf.595ab962d5ec2dc23cd01b9ac43254b2.jpg</path>
	<source>
		<database>roboflow.ai</database>
	</source>
	<size>
		<width>416</width>
		<height>416</height>
		<depth>3</depth>
	</size>
	<segmented>0</segmented>
	<object>
		<name>mammogram</name>
		<pose>Unspecified</pose>
		<truncated>0</truncated>
		<difficult>0</difficult>
		<occluded>0</occluded>
		<bndbox>
			<xmin>140</xmin>
			<xmax>417</xmax>
			<ymin>62</ymin>
			<ymax>376</ymax>
		</bndbox>
	</object>
</annotation>
