<annotation>
	<folder></folder>
	<filename>CC_2778_0024DDSM_png.rf.42f6c67e5a8d497da797fa72e28516c9.jpg</filename>
	<path>CC_2778_0024DDSM_png.rf.42f6c67e5a8d497da797fa72e28516c9.jpg</path>
	<source>
		<database>roboflow.ai</database>
	</source>
	<size>
		<width>416</width>
		<height>416</height>
		<depth>3</depth>
	</size>
	<segmented>0</segmented>
	<object>
		<name>mammogram</name>
		<pose>Unspecified</pose>
		<truncated>0</truncated>
		<difficult>0</difficult>
		<occluded>0</occluded>
		<bndbox>
			<xmin>1</xmin>
			<xmax>348</xmax>
			<ymin>3</ymin>
			<ymax>414</ymax>
		</bndbox>
	</object>
</annotation>
