<annotation>
	<folder></folder>
	<filename>CC_257599587_49574_png.rf.2d68635fe4b2a5c15f718c522d2bbc28.jpg</filename>
	<path>CC_257599587_49574_png.rf.2d68635fe4b2a5c15f718c522d2bbc28.jpg</path>
	<source>
		<database>roboflow.ai</database>
	</source>
	<size>
		<width>416</width>
		<height>416</height>
		<depth>3</depth>
	</size>
	<segmented>0</segmented>
	<object>
		<name>mammogram</name>
		<pose>Unspecified</pose>
		<truncated>0</truncated>
		<difficult>0</difficult>
		<occluded>0</occluded>
		<bndbox>
			<xmin>1</xmin>
			<xmax>221</xmax>
			<ymin>21</ymin>
			<ymax>410</ymax>
		</bndbox>
	</object>
</annotation>
