<annotation>
	<folder></folder>
	<filename>CC_245988747_57159_png.rf.f4f0b8c6bc44ae932eda59ded98a30eb.jpg</filename>
	<path>CC_245988747_57159_png.rf.f4f0b8c6bc44ae932eda59ded98a30eb.jpg</path>
	<source>
		<database>roboflow.ai</database>
	</source>
	<size>
		<width>416</width>
		<height>416</height>
		<depth>3</depth>
	</size>
	<segmented>0</segmented>
	<object>
		<name>mammogram</name>
		<pose>Unspecified</pose>
		<truncated>0</truncated>
		<difficult>0</difficult>
		<occluded>0</occluded>
		<bndbox>
			<xmin>1</xmin>
			<xmax>254</xmax>
			<ymin>48</ymin>
			<ymax>365</ymax>
		</bndbox>
	</object>
</annotation>
