<annotation>
	<folder></folder>
	<filename>CC_2316_3516DDSM_png.rf.b300eb04329666a2adb4c924bcfa609c.jpg</filename>
	<path>CC_2316_3516DDSM_png.rf.b300eb04329666a2adb4c924bcfa609c.jpg</path>
	<source>
		<database>roboflow.ai</database>
	</source>
	<size>
		<width>416</width>
		<height>416</height>
		<depth>3</depth>
	</size>
	<segmented>0</segmented>
	<object>
		<name>mammogram</name>
		<pose>Unspecified</pose>
		<truncated>0</truncated>
		<difficult>0</difficult>
		<occluded>0</occluded>
		<bndbox>
			<xmin>1</xmin>
			<xmax>169</xmax>
			<ymin>68</ymin>
			<ymax>359</ymax>
		</bndbox>
	</object>
</annotation>
