<annotation>
	<folder></folder>
	<filename>CC_2106948712_5660_png.rf.f1fb398d575be835814111e74b4072b6.jpg</filename>
	<path>CC_2106948712_5660_png.rf.f1fb398d575be835814111e74b4072b6.jpg</path>
	<source>
		<database>roboflow.ai</database>
	</source>
	<size>
		<width>416</width>
		<height>416</height>
		<depth>3</depth>
	</size>
	<segmented>0</segmented>
	<object>
		<name>mammogram</name>
		<pose>Unspecified</pose>
		<truncated>0</truncated>
		<difficult>0</difficult>
		<occluded>0</occluded>
		<bndbox>
			<xmin>1</xmin>
			<xmax>190</xmax>
			<ymin>23</ymin>
			<ymax>385</ymax>
		</bndbox>
	</object>
</annotation>
