<annotation>
	<folder></folder>
	<filename>CC_2776_0024DDSM_png.rf.e832fabfcb50eaec5fda8aa80c8e18d6.jpg</filename>
	<path>CC_2776_0024DDSM_png.rf.e832fabfcb50eaec5fda8aa80c8e18d6.jpg</path>
	<source>
		<database>roboflow.ai</database>
	</source>
	<size>
		<width>416</width>
		<height>416</height>
		<depth>3</depth>
	</size>
	<segmented>0</segmented>
	<object>
		<name>mammogram</name>
		<pose>Unspecified</pose>
		<truncated>0</truncated>
		<difficult>0</difficult>
		<occluded>0</occluded>
		<bndbox>
			<xmin>77</xmin>
			<xmax>416</xmax>
			<ymin>40</ymin>
			<ymax>417</ymax>
		</bndbox>
	</object>
</annotation>
