<annotation>
	<folder></folder>
	<filename>CC_274_0078DDSM_png.rf.cc7894c364927655a30cac73243b27c8.jpg</filename>
	<path>CC_274_0078DDSM_png.rf.cc7894c364927655a30cac73243b27c8.jpg</path>
	<source>
		<database>roboflow.ai</database>
	</source>
	<size>
		<width>416</width>
		<height>416</height>
		<depth>3</depth>
	</size>
	<segmented>0</segmented>
	<object>
		<name>mammogram</name>
		<pose>Unspecified</pose>
		<truncated>0</truncated>
		<difficult>0</difficult>
		<occluded>0</occluded>
		<bndbox>
			<xmin>22</xmin>
			<xmax>417</xmax>
			<ymin>20</ymin>
			<ymax>372</ymax>
		</bndbox>
	</object>
</annotation>
