<annotation>
	<folder></folder>
	<filename>CC_2028738779_9513_png.rf.3ea61f84959e8ff41c61977b4b054c46.jpg</filename>
	<path>CC_2028738779_9513_png.rf.3ea61f84959e8ff41c61977b4b054c46.jpg</path>
	<source>
		<database>roboflow.ai</database>
	</source>
	<size>
		<width>416</width>
		<height>416</height>
		<depth>3</depth>
	</size>
	<segmented>0</segmented>
	<object>
		<name>mammogram</name>
		<pose>Unspecified</pose>
		<truncated>0</truncated>
		<difficult>0</difficult>
		<occluded>0</occluded>
		<bndbox>
			<xmin>175</xmin>
			<xmax>417</xmax>
			<ymin>14</ymin>
			<ymax>417</ymax>
		</bndbox>
	</object>
</annotation>
