<annotation>
	<folder></folder>
	<filename>CC_2138_3391DDSM_png.rf.076f9cf9b3a8e9692c55f80291119062.jpg</filename>
	<path>CC_2138_3391DDSM_png.rf.076f9cf9b3a8e9692c55f80291119062.jpg</path>
	<source>
		<database>roboflow.ai</database>
	</source>
	<size>
		<width>416</width>
		<height>416</height>
		<depth>3</depth>
	</size>
	<segmented>0</segmented>
	<object>
		<name>mammogram</name>
		<pose>Unspecified</pose>
		<truncated>0</truncated>
		<difficult>0</difficult>
		<occluded>0</occluded>
		<bndbox>
			<xmin>80</xmin>
			<xmax>417</xmax>
			<ymin>40</ymin>
			<ymax>407</ymax>
		</bndbox>
	</object>
</annotation>
