<annotation>
	<folder></folder>
	<filename>CC_2030974848_20709_png.rf.c13689aea2220fd02f11a57c1cc74c53.jpg</filename>
	<path>CC_2030974848_20709_png.rf.c13689aea2220fd02f11a57c1cc74c53.jpg</path>
	<source>
		<database>roboflow.ai</database>
	</source>
	<size>
		<width>416</width>
		<height>416</height>
		<depth>3</depth>
	</size>
	<segmented>0</segmented>
	<object>
		<name>mammogram</name>
		<pose>Unspecified</pose>
		<truncated>0</truncated>
		<difficult>0</difficult>
		<occluded>0</occluded>
		<bndbox>
			<xmin>107</xmin>
			<xmax>417</xmax>
			<ymin>4</ymin>
			<ymax>402</ymax>
		</bndbox>
	</object>
</annotation>
