<annotation>
	<folder></folder>
	<filename>CC_2648_4175DDSM_png.rf.e50c920eeae0b149a3936b2209c2a325.jpg</filename>
	<path>CC_2648_4175DDSM_png.rf.e50c920eeae0b149a3936b2209c2a325.jpg</path>
	<source>
		<database>roboflow.ai</database>
	</source>
	<size>
		<width>416</width>
		<height>416</height>
		<depth>3</depth>
	</size>
	<segmented>0</segmented>
	<object>
		<name>mammogram</name>
		<pose>Unspecified</pose>
		<truncated>0</truncated>
		<difficult>0</difficult>
		<occluded>0</occluded>
		<bndbox>
			<xmin>6</xmin>
			<xmax>321</xmax>
			<ymin>51</ymin>
			<ymax>381</ymax>
		</bndbox>
	</object>
</annotation>
