<annotation>
	<folder></folder>
	<filename>CC_2094451064_37032_png.rf.27b7057e14cef413d4abdcf1b1466896.jpg</filename>
	<path>CC_2094451064_37032_png.rf.27b7057e14cef413d4abdcf1b1466896.jpg</path>
	<source>
		<database>roboflow.ai</database>
	</source>
	<size>
		<width>416</width>
		<height>416</height>
		<depth>3</depth>
	</size>
	<segmented>0</segmented>
	<object>
		<name>mammogram</name>
		<pose>Unspecified</pose>
		<truncated>0</truncated>
		<difficult>0</difficult>
		<occluded>0</occluded>
		<bndbox>
			<xmin>218</xmin>
			<xmax>417</xmax>
			<ymin>1</ymin>
			<ymax>417</ymax>
		</bndbox>
	</object>
</annotation>
