<annotation>
	<folder></folder>
	<filename>CC_2198_3409DDSM_png.rf.589fb0d06f4c4edcb04d7d2a76f1100f.jpg</filename>
	<path>CC_2198_3409DDSM_png.rf.589fb0d06f4c4edcb04d7d2a76f1100f.jpg</path>
	<source>
		<database>roboflow.ai</database>
	</source>
	<size>
		<width>416</width>
		<height>416</height>
		<depth>3</depth>
	</size>
	<segmented>0</segmented>
	<object>
		<name>mammogram</name>
		<pose>Unspecified</pose>
		<truncated>0</truncated>
		<difficult>0</difficult>
		<occluded>0</occluded>
		<bndbox>
			<xmin>70</xmin>
			<xmax>417</xmax>
			<ymin>57</ymin>
			<ymax>402</ymax>
		</bndbox>
	</object>
	<object>
		<name>mammogram</name>
		<pose>Unspecified</pose>
		<truncated>0</truncated>
		<difficult>0</difficult>
		<occluded>0</occluded>
		<bndbox>
			<xmin>411</xmin>
			<xmax>417</xmax>
			<ymin>51</ymin>
			<ymax>56</ymax>
		</bndbox>
	</object>
</annotation>
