<annotation>
	<folder></folder>
	<filename>CC_2288_3509DDSM_png.rf.38b318f30386aff600a7831d720c4c89.jpg</filename>
	<path>CC_2288_3509DDSM_png.rf.38b318f30386aff600a7831d720c4c89.jpg</path>
	<source>
		<database>roboflow.ai</database>
	</source>
	<size>
		<width>416</width>
		<height>416</height>
		<depth>3</depth>
	</size>
	<segmented>0</segmented>
	<object>
		<name>mammogram</name>
		<pose>Unspecified</pose>
		<truncated>0</truncated>
		<difficult>0</difficult>
		<occluded>0</occluded>
		<bndbox>
			<xmin>1</xmin>
			<xmax>226</xmax>
			<ymin>47</ymin>
			<ymax>381</ymax>
		</bndbox>
	</object>
</annotation>
