<annotation>
	<folder></folder>
	<filename>CC_2046041590_18710_png.rf.5c5e23f195a9dd86f2beb5b992ab1ce4.jpg</filename>
	<path>CC_2046041590_18710_png.rf.5c5e23f195a9dd86f2beb5b992ab1ce4.jpg</path>
	<source>
		<database>roboflow.ai</database>
	</source>
	<size>
		<width>416</width>
		<height>416</height>
		<depth>3</depth>
	</size>
	<segmented>0</segmented>
	<object>
		<name>mammogram</name>
		<pose>Unspecified</pose>
		<truncated>0</truncated>
		<difficult>0</difficult>
		<occluded>0</occluded>
		<bndbox>
			<xmin>3</xmin>
			<xmax>185</xmax>
			<ymin>1</ymin>
			<ymax>365</ymax>
		</bndbox>
	</object>
</annotation>
