<annotation>
	<folder></folder>
	<filename>CC_2133670520_38107_png.rf.177d3e1b2f9c37ddb9d201aa51fc668b.jpg</filename>
	<path>CC_2133670520_38107_png.rf.177d3e1b2f9c37ddb9d201aa51fc668b.jpg</path>
	<source>
		<database>roboflow.ai</database>
	</source>
	<size>
		<width>416</width>
		<height>416</height>
		<depth>3</depth>
	</size>
	<segmented>0</segmented>
	<object>
		<name>mammogram</name>
		<pose>Unspecified</pose>
		<truncated>0</truncated>
		<difficult>0</difficult>
		<occluded>0</occluded>
		<bndbox>
			<xmin>1</xmin>
			<xmax>205</xmax>
			<ymin>8</ymin>
			<ymax>403</ymax>
		</bndbox>
	</object>
</annotation>
