<annotation>
	<folder></folder>
	<filename>CC_2878_0056DDSM_png.rf.b7d658bcdbfcfec560f21117880e7d6f.jpg</filename>
	<path>CC_2878_0056DDSM_png.rf.b7d658bcdbfcfec560f21117880e7d6f.jpg</path>
	<source>
		<database>roboflow.ai</database>
	</source>
	<size>
		<width>416</width>
		<height>416</height>
		<depth>3</depth>
	</size>
	<segmented>0</segmented>
	<object>
		<name>mammogram</name>
		<pose>Unspecified</pose>
		<truncated>0</truncated>
		<difficult>0</difficult>
		<occluded>0</occluded>
		<bndbox>
			<xmin>1</xmin>
			<xmax>294</xmax>
			<ymin>1</ymin>
			<ymax>381</ymax>
		</bndbox>
	</object>
</annotation>
