<annotation>
	<folder></folder>
	<filename>CC_238_0069DDSM_png.rf.7ccd9cf0604a1b6548856ad8039aa218.jpg</filename>
	<path>CC_238_0069DDSM_png.rf.7ccd9cf0604a1b6548856ad8039aa218.jpg</path>
	<source>
		<database>roboflow.ai</database>
	</source>
	<size>
		<width>416</width>
		<height>416</height>
		<depth>3</depth>
	</size>
	<segmented>0</segmented>
	<object>
		<name>mammogram</name>
		<pose>Unspecified</pose>
		<truncated>0</truncated>
		<difficult>0</difficult>
		<occluded>0</occluded>
		<bndbox>
			<xmin>262</xmin>
			<xmax>417</xmax>
			<ymin>88</ymin>
			<ymax>374</ymax>
		</bndbox>
	</object>
</annotation>
