<annotation>
	<folder></folder>
	<filename>CC_238686891_39723_png.rf.3a58151e2f22033dd51e9810815edb9b.jpg</filename>
	<path>CC_238686891_39723_png.rf.3a58151e2f22033dd51e9810815edb9b.jpg</path>
	<source>
		<database>roboflow.ai</database>
	</source>
	<size>
		<width>416</width>
		<height>416</height>
		<depth>3</depth>
	</size>
	<segmented>0</segmented>
	<object>
		<name>mammogram</name>
		<pose>Unspecified</pose>
		<truncated>0</truncated>
		<difficult>0</difficult>
		<occluded>0</occluded>
		<bndbox>
			<xmin>1</xmin>
			<xmax>254</xmax>
			<ymin>15</ymin>
			<ymax>407</ymax>
		</bndbox>
	</object>
</annotation>
