<annotation>
	<folder></folder>
	<filename>CC_2836_0044DDSM_png.rf.1e434f8876eafc08048d815fc16d6203.jpg</filename>
	<path>CC_2836_0044DDSM_png.rf.1e434f8876eafc08048d815fc16d6203.jpg</path>
	<source>
		<database>roboflow.ai</database>
	</source>
	<size>
		<width>416</width>
		<height>416</height>
		<depth>3</depth>
	</size>
	<segmented>0</segmented>
	<object>
		<name>mammogram</name>
		<pose>Unspecified</pose>
		<truncated>0</truncated>
		<difficult>0</difficult>
		<occluded>0</occluded>
		<bndbox>
			<xmin>89</xmin>
			<xmax>417</xmax>
			<ymin>6</ymin>
			<ymax>381</ymax>
		</bndbox>
	</object>
</annotation>
