<annotation>
	<folder></folder>
	<filename>CC_2242_3497DDSM_png.rf.b59499efd23a23df88f898a85a10f790.jpg</filename>
	<path>CC_2242_3497DDSM_png.rf.b59499efd23a23df88f898a85a10f790.jpg</path>
	<source>
		<database>roboflow.ai</database>
	</source>
	<size>
		<width>416</width>
		<height>416</height>
		<depth>3</depth>
	</size>
	<segmented>0</segmented>
	<object>
		<name>mammogram</name>
		<pose>Unspecified</pose>
		<truncated>0</truncated>
		<difficult>0</difficult>
		<occluded>0</occluded>
		<bndbox>
			<xmin>176</xmin>
			<xmax>417</xmax>
			<ymin>63</ymin>
			<ymax>356</ymax>
		</bndbox>
	</object>
</annotation>
