<annotation>
	<folder></folder>
	<filename>CC_216_0064DDSM_png.rf.6ac4d986241dcd8e71b64845c6bbe286.jpg</filename>
	<path>CC_216_0064DDSM_png.rf.6ac4d986241dcd8e71b64845c6bbe286.jpg</path>
	<source>
		<database>roboflow.ai</database>
	</source>
	<size>
		<width>416</width>
		<height>416</height>
		<depth>3</depth>
	</size>
	<segmented>0</segmented>
	<object>
		<name>mammogram</name>
		<pose>Unspecified</pose>
		<truncated>0</truncated>
		<difficult>0</difficult>
		<occluded>0</occluded>
		<bndbox>
			<xmin>3</xmin>
			<xmax>300</xmax>
			<ymin>55</ymin>
			<ymax>374</ymax>
		</bndbox>
	</object>
</annotation>
