<annotation>
	<folder></folder>
	<filename>CC_2458_4119DDSM_png.rf.93a61252275416ef77b046155646c35c.jpg</filename>
	<path>CC_2458_4119DDSM_png.rf.93a61252275416ef77b046155646c35c.jpg</path>
	<source>
		<database>roboflow.ai</database>
	</source>
	<size>
		<width>416</width>
		<height>416</height>
		<depth>3</depth>
	</size>
	<segmented>0</segmented>
	<object>
		<name>mammogram</name>
		<pose>Unspecified</pose>
		<truncated>0</truncated>
		<difficult>0</difficult>
		<occluded>0</occluded>
		<bndbox>
			<xmin>163</xmin>
			<xmax>417</xmax>
			<ymin>73</ymin>
			<ymax>387</ymax>
		</bndbox>
	</object>
</annotation>
