<annotation>
	<folder></folder>
	<filename>CC_2790_0030DDSM_png.rf.332058830ae9bfa516c1158191ea6ace.jpg</filename>
	<path>CC_2790_0030DDSM_png.rf.332058830ae9bfa516c1158191ea6ace.jpg</path>
	<source>
		<database>roboflow.ai</database>
	</source>
	<size>
		<width>416</width>
		<height>416</height>
		<depth>3</depth>
	</size>
	<segmented>0</segmented>
	<object>
		<name>mammogram</name>
		<pose>Unspecified</pose>
		<truncated>0</truncated>
		<difficult>0</difficult>
		<occluded>0</occluded>
		<bndbox>
			<xmin>4</xmin>
			<xmax>322</xmax>
			<ymin>17</ymin>
			<ymax>378</ymax>
		</bndbox>
	</object>
</annotation>
