<annotation>
	<folder></folder>
	<filename>CC_275934305_5878_png.rf.7d544d64385a4526b2c3de58f9646afb.jpg</filename>
	<path>CC_275934305_5878_png.rf.7d544d64385a4526b2c3de58f9646afb.jpg</path>
	<source>
		<database>roboflow.ai</database>
	</source>
	<size>
		<width>416</width>
		<height>416</height>
		<depth>3</depth>
	</size>
	<segmented>0</segmented>
	<object>
		<name>mammogram</name>
		<pose>Unspecified</pose>
		<truncated>0</truncated>
		<difficult>0</difficult>
		<occluded>0</occluded>
		<bndbox>
			<xmin>1</xmin>
			<xmax>169</xmax>
			<ymin>59</ymin>
			<ymax>384</ymax>
		</bndbox>
	</object>
</annotation>
