<annotation>
	<folder></folder>
	<filename>CC_2140318404_47336_png.rf.185c80a67e890b131abd9f1cfccb0a5d.jpg</filename>
	<path>CC_2140318404_47336_png.rf.185c80a67e890b131abd9f1cfccb0a5d.jpg</path>
	<source>
		<database>roboflow.ai</database>
	</source>
	<size>
		<width>416</width>
		<height>416</height>
		<depth>3</depth>
	</size>
	<segmented>0</segmented>
	<object>
		<name>mammogram</name>
		<pose>Unspecified</pose>
		<truncated>0</truncated>
		<difficult>0</difficult>
		<occluded>0</occluded>
		<bndbox>
			<xmin>127</xmin>
			<xmax>417</xmax>
			<ymin>1</ymin>
			<ymax>399</ymax>
		</bndbox>
	</object>
</annotation>
