<annotation>
	<folder></folder>
	<filename>CC_2644_4174DDSM_png.rf.769f9cb0ed1358b6d1049273a9f2f141.jpg</filename>
	<path>CC_2644_4174DDSM_png.rf.769f9cb0ed1358b6d1049273a9f2f141.jpg</path>
	<source>
		<database>roboflow.ai</database>
	</source>
	<size>
		<width>416</width>
		<height>416</height>
		<depth>3</depth>
	</size>
	<segmented>0</segmented>
	<object>
		<name>mammogram</name>
		<pose>Unspecified</pose>
		<truncated>0</truncated>
		<difficult>0</difficult>
		<occluded>0</occluded>
		<bndbox>
			<xmin>6</xmin>
			<xmax>351</xmax>
			<ymin>50</ymin>
			<ymax>371</ymax>
		</bndbox>
	</object>
</annotation>
