<annotation>
	<folder></folder>
	<filename>CC_2528_4137DDSM_png.rf.b2316c3c231f482ca08dfdfbd5a36867.jpg</filename>
	<path>CC_2528_4137DDSM_png.rf.b2316c3c231f482ca08dfdfbd5a36867.jpg</path>
	<source>
		<database>roboflow.ai</database>
	</source>
	<size>
		<width>416</width>
		<height>416</height>
		<depth>3</depth>
	</size>
	<segmented>0</segmented>
	<object>
		<name>mammogram</name>
		<pose>Unspecified</pose>
		<truncated>0</truncated>
		<difficult>0</difficult>
		<occluded>0</occluded>
		<bndbox>
			<xmin>14</xmin>
			<xmax>343</xmax>
			<ymin>15</ymin>
			<ymax>369</ymax>
		</bndbox>
	</object>
</annotation>
