<annotation>
	<folder></folder>
	<filename>CC_2360_4056DDSM_png.rf.ee0a08b5fbc8b98f577fda8f2a7aeaea.jpg</filename>
	<path>CC_2360_4056DDSM_png.rf.ee0a08b5fbc8b98f577fda8f2a7aeaea.jpg</path>
	<source>
		<database>roboflow.ai</database>
	</source>
	<size>
		<width>416</width>
		<height>416</height>
		<depth>3</depth>
	</size>
	<segmented>0</segmented>
	<object>
		<name>mammogram</name>
		<pose>Unspecified</pose>
		<truncated>0</truncated>
		<difficult>0</difficult>
		<occluded>0</occluded>
		<bndbox>
			<xmin>8</xmin>
			<xmax>325</xmax>
			<ymin>8</ymin>
			<ymax>366</ymax>
		</bndbox>
	</object>
</annotation>
