<annotation>
	<folder></folder>
	<filename>CC_2024346917_64930_png.rf.4638a6550e3c38911bcb50f795b7224f.jpg</filename>
	<path>CC_2024346917_64930_png.rf.4638a6550e3c38911bcb50f795b7224f.jpg</path>
	<source>
		<database>roboflow.ai</database>
	</source>
	<size>
		<width>416</width>
		<height>416</height>
		<depth>3</depth>
	</size>
	<segmented>0</segmented>
	<object>
		<name>mammogram</name>
		<pose>Unspecified</pose>
		<truncated>0</truncated>
		<difficult>0</difficult>
		<occluded>0</occluded>
		<bndbox>
			<xmin>176</xmin>
			<xmax>417</xmax>
			<ymin>21</ymin>
			<ymax>415</ymax>
		</bndbox>
	</object>
</annotation>
