<annotation>
	<folder></folder>
	<filename>CC_2660_4178DDSM_png.rf.845a47cde3ec99437a3312583f46256a.jpg</filename>
	<path>CC_2660_4178DDSM_png.rf.845a47cde3ec99437a3312583f46256a.jpg</path>
	<source>
		<database>roboflow.ai</database>
	</source>
	<size>
		<width>416</width>
		<height>416</height>
		<depth>3</depth>
	</size>
	<segmented>0</segmented>
	<object>
		<name>mammogram</name>
		<pose>Unspecified</pose>
		<truncated>0</truncated>
		<difficult>0</difficult>
		<occluded>0</occluded>
		<bndbox>
			<xmin>2</xmin>
			<xmax>371</xmax>
			<ymin>16</ymin>
			<ymax>372</ymax>
		</bndbox>
	</object>
</annotation>
