<annotation>
	<folder></folder>
	<filename>CC_2792_0031DDSM_png.rf.13a11f98635c41b1af5a790a6851da3f.jpg</filename>
	<path>CC_2792_0031DDSM_png.rf.13a11f98635c41b1af5a790a6851da3f.jpg</path>
	<source>
		<database>roboflow.ai</database>
	</source>
	<size>
		<width>416</width>
		<height>416</height>
		<depth>3</depth>
	</size>
	<segmented>0</segmented>
	<object>
		<name>mammogram</name>
		<pose>Unspecified</pose>
		<truncated>0</truncated>
		<difficult>0</difficult>
		<occluded>0</occluded>
		<bndbox>
			<xmin>99</xmin>
			<xmax>417</xmax>
			<ymin>37</ymin>
			<ymax>369</ymax>
		</bndbox>
	</object>
</annotation>
