<annotation>
	<folder></folder>
	<filename>CC_2910_0067DDSM_png.rf.6ec670e80353217b4ba6c9325abfeb8d.jpg</filename>
	<path>CC_2910_0067DDSM_png.rf.6ec670e80353217b4ba6c9325abfeb8d.jpg</path>
	<source>
		<database>roboflow.ai</database>
	</source>
	<size>
		<width>416</width>
		<height>416</height>
		<depth>3</depth>
	</size>
	<segmented>0</segmented>
	<object>
		<name>mammogram</name>
		<pose>Unspecified</pose>
		<truncated>0</truncated>
		<difficult>0</difficult>
		<occluded>0</occluded>
		<bndbox>
			<xmin>1</xmin>
			<xmax>300</xmax>
			<ymin>10</ymin>
			<ymax>388</ymax>
		</bndbox>
	</object>
</annotation>
