<annotation>
	<folder></folder>
	<filename>CC_2718_0002DDSM_png.rf.4b1d2ea3ce598c693bb8171d94f31ea8.jpg</filename>
	<path>CC_2718_0002DDSM_png.rf.4b1d2ea3ce598c693bb8171d94f31ea8.jpg</path>
	<source>
		<database>roboflow.ai</database>
	</source>
	<size>
		<width>416</width>
		<height>416</height>
		<depth>3</depth>
	</size>
	<segmented>0</segmented>
	<object>
		<name>mammogram</name>
		<pose>Unspecified</pose>
		<truncated>0</truncated>
		<difficult>0</difficult>
		<occluded>0</occluded>
		<bndbox>
			<xmin>1</xmin>
			<xmax>285</xmax>
			<ymin>21</ymin>
			<ymax>379</ymax>
		</bndbox>
	</object>
</annotation>
