<annotation>
	<folder></folder>
	<filename>CC_2014_3082DDSM_png.rf.01e2761458373ec54c9ec5cfe583d084.jpg</filename>
	<path>CC_2014_3082DDSM_png.rf.01e2761458373ec54c9ec5cfe583d084.jpg</path>
	<source>
		<database>roboflow.ai</database>
	</source>
	<size>
		<width>416</width>
		<height>416</height>
		<depth>3</depth>
	</size>
	<segmented>0</segmented>
	<object>
		<name>mammogram</name>
		<pose>Unspecified</pose>
		<truncated>0</truncated>
		<difficult>0</difficult>
		<occluded>0</occluded>
		<bndbox>
			<xmin>111</xmin>
			<xmax>417</xmax>
			<ymin>42</ymin>
			<ymax>370</ymax>
		</bndbox>
	</object>
</annotation>
