<annotation>
	<folder></folder>
	<filename>CC_2818_0039DDSM_png.rf.a57fbe82bc949d7a1e5ae0f4d7d93559.jpg</filename>
	<path>CC_2818_0039DDSM_png.rf.a57fbe82bc949d7a1e5ae0f4d7d93559.jpg</path>
	<source>
		<database>roboflow.ai</database>
	</source>
	<size>
		<width>416</width>
		<height>416</height>
		<depth>3</depth>
	</size>
	<segmented>0</segmented>
	<object>
		<name>mammogram</name>
		<pose>Unspecified</pose>
		<truncated>0</truncated>
		<difficult>0</difficult>
		<occluded>0</occluded>
		<bndbox>
			<xmin>3</xmin>
			<xmax>291</xmax>
			<ymin>1</ymin>
			<ymax>390</ymax>
		</bndbox>
	</object>
</annotation>
