<annotation>
	<folder></folder>
	<filename>CC_2124971555_47485_png.rf.3d64b6670581ce964336bcc06c887cc7.jpg</filename>
	<path>CC_2124971555_47485_png.rf.3d64b6670581ce964336bcc06c887cc7.jpg</path>
	<source>
		<database>roboflow.ai</database>
	</source>
	<size>
		<width>416</width>
		<height>416</height>
		<depth>3</depth>
	</size>
	<segmented>0</segmented>
	<object>
		<name>mammogram</name>
		<pose>Unspecified</pose>
		<truncated>0</truncated>
		<difficult>0</difficult>
		<occluded>0</occluded>
		<bndbox>
			<xmin>3</xmin>
			<xmax>172</xmax>
			<ymin>43</ymin>
			<ymax>370</ymax>
		</bndbox>
	</object>
</annotation>
