<annotation>
	<folder></folder>
	<filename>CC_2516_4134DDSM_png.rf.1f7b8d4443eb2cc905738a8de259e166.jpg</filename>
	<path>CC_2516_4134DDSM_png.rf.1f7b8d4443eb2cc905738a8de259e166.jpg</path>
	<source>
		<database>roboflow.ai</database>
	</source>
	<size>
		<width>416</width>
		<height>416</height>
		<depth>3</depth>
	</size>
	<segmented>0</segmented>
	<object>
		<name>mammogram</name>
		<pose>Unspecified</pose>
		<truncated>0</truncated>
		<difficult>0</difficult>
		<occluded>0</occluded>
		<bndbox>
			<xmin>6</xmin>
			<xmax>336</xmax>
			<ymin>39</ymin>
			<ymax>355</ymax>
		</bndbox>
	</object>
</annotation>
