<annotation>
	<folder></folder>
	<filename>CC_2410_4107DDSM_png.rf.7e60f53d73d97b8a2797c35ade5cfa57.jpg</filename>
	<path>CC_2410_4107DDSM_png.rf.7e60f53d73d97b8a2797c35ade5cfa57.jpg</path>
	<source>
		<database>roboflow.ai</database>
	</source>
	<size>
		<width>416</width>
		<height>416</height>
		<depth>3</depth>
	</size>
	<segmented>0</segmented>
	<object>
		<name>mammogram</name>
		<pose>Unspecified</pose>
		<truncated>0</truncated>
		<difficult>0</difficult>
		<occluded>0</occluded>
		<bndbox>
			<xmin>103</xmin>
			<xmax>417</xmax>
			<ymin>31</ymin>
			<ymax>397</ymax>
		</bndbox>
	</object>
</annotation>
