<annotation>
	<folder></folder>
	<filename>CC_2142062858_51625_png.rf.e411e4de64afa8b2568068057b5de9d3.jpg</filename>
	<path>CC_2142062858_51625_png.rf.e411e4de64afa8b2568068057b5de9d3.jpg</path>
	<source>
		<database>roboflow.ai</database>
	</source>
	<size>
		<width>416</width>
		<height>416</height>
		<depth>3</depth>
	</size>
	<segmented>0</segmented>
	<object>
		<name>mammogram</name>
		<pose>Unspecified</pose>
		<truncated>0</truncated>
		<difficult>0</difficult>
		<occluded>0</occluded>
		<bndbox>
			<xmin>110</xmin>
			<xmax>417</xmax>
			<ymin>58</ymin>
			<ymax>346</ymax>
		</bndbox>
	</object>
</annotation>
