<annotation>
	<folder></folder>
	<filename>CC_2318_3516DDSM_png.rf.c5b22d65dd747f2bd285ecdea1a25c6d.jpg</filename>
	<path>CC_2318_3516DDSM_png.rf.c5b22d65dd747f2bd285ecdea1a25c6d.jpg</path>
	<source>
		<database>roboflow.ai</database>
	</source>
	<size>
		<width>416</width>
		<height>416</height>
		<depth>3</depth>
	</size>
	<segmented>0</segmented>
	<object>
		<name>mammogram</name>
		<pose>Unspecified</pose>
		<truncated>0</truncated>
		<difficult>0</difficult>
		<occluded>0</occluded>
		<bndbox>
			<xmin>242</xmin>
			<xmax>417</xmax>
			<ymin>75</ymin>
			<ymax>355</ymax>
		</bndbox>
	</object>
</annotation>
