<annotation>
	<folder></folder>
	<filename>CC_2072_3138DDSM_png.rf.838bc646f1e95556962fa71d21ef35a8.jpg</filename>
	<path>CC_2072_3138DDSM_png.rf.838bc646f1e95556962fa71d21ef35a8.jpg</path>
	<source>
		<database>roboflow.ai</database>
	</source>
	<size>
		<width>416</width>
		<height>416</height>
		<depth>3</depth>
	</size>
	<segmented>0</segmented>
	<object>
		<name>mammogram</name>
		<pose>Unspecified</pose>
		<truncated>0</truncated>
		<difficult>0</difficult>
		<occluded>0</occluded>
		<bndbox>
			<xmin>1</xmin>
			<xmax>207</xmax>
			<ymin>54</ymin>
			<ymax>353</ymax>
		</bndbox>
	</object>
</annotation>
