<annotation>
	<folder></folder>
	<filename>CC_2098_3375DDSM_png.rf.cd05b603d4a36419be74e59fea98bbe1.jpg</filename>
	<path>CC_2098_3375DDSM_png.rf.cd05b603d4a36419be74e59fea98bbe1.jpg</path>
	<source>
		<database>roboflow.ai</database>
	</source>
	<size>
		<width>416</width>
		<height>416</height>
		<depth>3</depth>
	</size>
	<segmented>0</segmented>
	<object>
		<name>mammogram</name>
		<pose>Unspecified</pose>
		<truncated>0</truncated>
		<difficult>0</difficult>
		<occluded>0</occluded>
		<bndbox>
			<xmin>211</xmin>
			<xmax>417</xmax>
			<ymin>23</ymin>
			<ymax>417</ymax>
		</bndbox>
	</object>
</annotation>
