<annotation>
	<folder></folder>
	<filename>CC_3092_0143DDSM_png.rf.dc5513f749f5f279fa48f447d7e1519f.jpg</filename>
	<path>CC_3092_0143DDSM_png.rf.dc5513f749f5f279fa48f447d7e1519f.jpg</path>
	<source>
		<database>roboflow.ai</database>
	</source>
	<size>
		<width>416</width>
		<height>416</height>
		<depth>3</depth>
	</size>
	<segmented>0</segmented>
	<object>
		<name>mammogram</name>
		<pose>Unspecified</pose>
		<truncated>0</truncated>
		<difficult>0</difficult>
		<occluded>0</occluded>
		<bndbox>
			<xmin>109</xmin>
			<xmax>417</xmax>
			<ymin>46</ymin>
			<ymax>397</ymax>
		</bndbox>
	</object>
</annotation>
