<annotation>
	<folder></folder>
	<filename>CC_3308_0241DDSM_png.rf.fd04a674de21ebe9c5104c23f4a57edd.jpg</filename>
	<path>CC_3308_0241DDSM_png.rf.fd04a674de21ebe9c5104c23f4a57edd.jpg</path>
	<source>
		<database>roboflow.ai</database>
	</source>
	<size>
		<width>416</width>
		<height>416</height>
		<depth>3</depth>
	</size>
	<segmented>0</segmented>
	<object>
		<name>mammogram</name>
		<pose>Unspecified</pose>
		<truncated>0</truncated>
		<difficult>0</difficult>
		<occluded>0</occluded>
		<bndbox>
			<xmin>120</xmin>
			<xmax>417</xmax>
			<ymin>16</ymin>
			<ymax>377</ymax>
		</bndbox>
	</object>
</annotation>
