<annotation>
	<folder></folder>
	<filename>CC_3846_0436DDSM_png.rf.8a71a7fcde316044209953f553b6511f.jpg</filename>
	<path>CC_3846_0436DDSM_png.rf.8a71a7fcde316044209953f553b6511f.jpg</path>
	<source>
		<database>roboflow.ai</database>
	</source>
	<size>
		<width>416</width>
		<height>416</height>
		<depth>3</depth>
	</size>
	<segmented>0</segmented>
	<object>
		<name>mammogram</name>
		<pose>Unspecified</pose>
		<truncated>0</truncated>
		<difficult>0</difficult>
		<occluded>0</occluded>
		<bndbox>
			<xmin>1</xmin>
			<xmax>332</xmax>
			<ymin>40</ymin>
			<ymax>412</ymax>
		</bndbox>
	</object>
</annotation>
