<annotation>
	<folder></folder>
	<filename>CC_3852_0438DDSM_png.rf.0360634cb361ffeb78380ef5ea0d9d90.jpg</filename>
	<path>CC_3852_0438DDSM_png.rf.0360634cb361ffeb78380ef5ea0d9d90.jpg</path>
	<source>
		<database>roboflow.ai</database>
	</source>
	<size>
		<width>416</width>
		<height>416</height>
		<depth>3</depth>
	</size>
	<segmented>0</segmented>
	<object>
		<name>mammogram</name>
		<pose>Unspecified</pose>
		<truncated>0</truncated>
		<difficult>0</difficult>
		<occluded>0</occluded>
		<bndbox>
			<xmin>101</xmin>
			<xmax>411</xmax>
			<ymin>29</ymin>
			<ymax>378</ymax>
		</bndbox>
	</object>
</annotation>
