<annotation>
	<folder></folder>
	<filename>CC_3736_0365DDSM_png.rf.944b9c1c6a7a903b26b71405ffc5c096.jpg</filename>
	<path>CC_3736_0365DDSM_png.rf.944b9c1c6a7a903b26b71405ffc5c096.jpg</path>
	<source>
		<database>roboflow.ai</database>
	</source>
	<size>
		<width>416</width>
		<height>416</height>
		<depth>3</depth>
	</size>
	<segmented>0</segmented>
	<object>
		<name>mammogram</name>
		<pose>Unspecified</pose>
		<truncated>0</truncated>
		<difficult>0</difficult>
		<occluded>0</occluded>
		<bndbox>
			<xmin>3</xmin>
			<xmax>417</xmax>
			<ymin>23</ymin>
			<ymax>417</ymax>
		</bndbox>
	</object>
</annotation>
