<annotation>
	<folder></folder>
	<filename>CC_3290_0236DDSM_png.rf.a04cc5b0ccd489da96cceb6e3722677b.jpg</filename>
	<path>CC_3290_0236DDSM_png.rf.a04cc5b0ccd489da96cceb6e3722677b.jpg</path>
	<source>
		<database>roboflow.ai</database>
	</source>
	<size>
		<width>416</width>
		<height>416</height>
		<depth>3</depth>
	</size>
	<segmented>0</segmented>
	<object>
		<name>mammogram</name>
		<pose>Unspecified</pose>
		<truncated>0</truncated>
		<difficult>0</difficult>
		<occluded>0</occluded>
		<bndbox>
			<xmin>1</xmin>
			<xmax>322</xmax>
			<ymin>31</ymin>
			<ymax>417</ymax>
		</bndbox>
	</object>
</annotation>
