<annotation>
	<folder></folder>
	<filename>CC_3374_0258DDSM_png.rf.e0bd9d8d06a68d49bbf34e1ca9fef278.jpg</filename>
	<path>CC_3374_0258DDSM_png.rf.e0bd9d8d06a68d49bbf34e1ca9fef278.jpg</path>
	<source>
		<database>roboflow.ai</database>
	</source>
	<size>
		<width>416</width>
		<height>416</height>
		<depth>3</depth>
	</size>
	<segmented>0</segmented>
	<object>
		<name>mammogram</name>
		<pose>Unspecified</pose>
		<truncated>0</truncated>
		<difficult>0</difficult>
		<occluded>0</occluded>
		<bndbox>
			<xmin>1</xmin>
			<xmax>327</xmax>
			<ymin>42</ymin>
			<ymax>379</ymax>
		</bndbox>
	</object>
</annotation>
