<annotation>
	<folder></folder>
	<filename>CC_3780_0416DDSM_png.rf.9debaff2cc366d45ec214f06556ad1c4.jpg</filename>
	<path>CC_3780_0416DDSM_png.rf.9debaff2cc366d45ec214f06556ad1c4.jpg</path>
	<source>
		<database>roboflow.ai</database>
	</source>
	<size>
		<width>416</width>
		<height>416</height>
		<depth>3</depth>
	</size>
	<segmented>0</segmented>
	<object>
		<name>mammogram</name>
		<pose>Unspecified</pose>
		<truncated>0</truncated>
		<difficult>0</difficult>
		<occluded>0</occluded>
		<bndbox>
			<xmin>77</xmin>
			<xmax>417</xmax>
			<ymin>31</ymin>
			<ymax>390</ymax>
		</bndbox>
	</object>
</annotation>
