<annotation>
	<folder></folder>
	<filename>CC_3300_0239DDSM_png.rf.6b90b91ddd3a65d7ccbe6978a20c74c6.jpg</filename>
	<path>CC_3300_0239DDSM_png.rf.6b90b91ddd3a65d7ccbe6978a20c74c6.jpg</path>
	<source>
		<database>roboflow.ai</database>
	</source>
	<size>
		<width>416</width>
		<height>416</height>
		<depth>3</depth>
	</size>
	<segmented>0</segmented>
	<object>
		<name>mammogram</name>
		<pose>Unspecified</pose>
		<truncated>0</truncated>
		<difficult>0</difficult>
		<occluded>0</occluded>
		<bndbox>
			<xmin>85</xmin>
			<xmax>417</xmax>
			<ymin>43</ymin>
			<ymax>399</ymax>
		</bndbox>
	</object>
</annotation>
