<annotation>
	<folder></folder>
	<filename>CC_378_0104DDSM_png.rf.d06555ef48544967039879300b7436cb.jpg</filename>
	<path>CC_378_0104DDSM_png.rf.d06555ef48544967039879300b7436cb.jpg</path>
	<source>
		<database>roboflow.ai</database>
	</source>
	<size>
		<width>416</width>
		<height>416</height>
		<depth>3</depth>
	</size>
	<segmented>0</segmented>
	<object>
		<name>mammogram</name>
		<pose>Unspecified</pose>
		<truncated>0</truncated>
		<difficult>0</difficult>
		<occluded>0</occluded>
		<bndbox>
			<xmin>186</xmin>
			<xmax>417</xmax>
			<ymin>45</ymin>
			<ymax>382</ymax>
		</bndbox>
	</object>
</annotation>
