<annotation>
	<folder></folder>
	<filename>CC_373068997_6853_png.rf.18b7cebe66efb091b8b21dadc56be58e.jpg</filename>
	<path>CC_373068997_6853_png.rf.18b7cebe66efb091b8b21dadc56be58e.jpg</path>
	<source>
		<database>roboflow.ai</database>
	</source>
	<size>
		<width>416</width>
		<height>416</height>
		<depth>3</depth>
	</size>
	<segmented>0</segmented>
	<object>
		<name>mammogram</name>
		<pose>Unspecified</pose>
		<truncated>0</truncated>
		<difficult>0</difficult>
		<occluded>0</occluded>
		<bndbox>
			<xmin>1</xmin>
			<xmax>314</xmax>
			<ymin>2</ymin>
			<ymax>417</ymax>
		</bndbox>
	</object>
</annotation>
