<annotation>
	<folder></folder>
	<filename>CC_394053487_9707_png.rf.4cdf3b0eb0f258bbccd67003e16658e0.jpg</filename>
	<path>CC_394053487_9707_png.rf.4cdf3b0eb0f258bbccd67003e16658e0.jpg</path>
	<source>
		<database>roboflow.ai</database>
	</source>
	<size>
		<width>416</width>
		<height>416</height>
		<depth>3</depth>
	</size>
	<segmented>0</segmented>
	<object>
		<name>mammogram</name>
		<pose>Unspecified</pose>
		<truncated>0</truncated>
		<difficult>0</difficult>
		<occluded>0</occluded>
		<bndbox>
			<xmin>1</xmin>
			<xmax>159</xmax>
			<ymin>5</ymin>
			<ymax>352</ymax>
		</bndbox>
	</object>
</annotation>
