<annotation>
	<folder></folder>
	<filename>CC_364_0101DDSM_png.rf.272ba6b7f7a7d277b3f971a482c02ef3.jpg</filename>
	<path>CC_364_0101DDSM_png.rf.272ba6b7f7a7d277b3f971a482c02ef3.jpg</path>
	<source>
		<database>roboflow.ai</database>
	</source>
	<size>
		<width>416</width>
		<height>416</height>
		<depth>3</depth>
	</size>
	<segmented>0</segmented>
	<object>
		<name>mammogram</name>
		<pose>Unspecified</pose>
		<truncated>0</truncated>
		<difficult>0</difficult>
		<occluded>0</occluded>
		<bndbox>
			<xmin>1</xmin>
			<xmax>285</xmax>
			<ymin>102</ymin>
			<ymax>372</ymax>
		</bndbox>
	</object>
</annotation>
