<annotation>
	<folder></folder>
	<filename>CC_36_0010DDSM_png.rf.5e1dada0cfdc30b6e75c71f53e0845c8.jpg</filename>
	<path>CC_36_0010DDSM_png.rf.5e1dada0cfdc30b6e75c71f53e0845c8.jpg</path>
	<source>
		<database>roboflow.ai</database>
	</source>
	<size>
		<width>416</width>
		<height>416</height>
		<depth>3</depth>
	</size>
	<segmented>0</segmented>
	<object>
		<name>mammogram</name>
		<pose>Unspecified</pose>
		<truncated>0</truncated>
		<difficult>0</difficult>
		<occluded>0</occluded>
		<bndbox>
			<xmin>1</xmin>
			<xmax>194</xmax>
			<ymin>66</ymin>
			<ymax>380</ymax>
		</bndbox>
	</object>
</annotation>
