<annotation>
	<folder></folder>
	<filename>CC_304_0086DDSM_png.rf.afe1bc4b6860f816dc64422fc4a9eaad.jpg</filename>
	<path>CC_304_0086DDSM_png.rf.afe1bc4b6860f816dc64422fc4a9eaad.jpg</path>
	<source>
		<database>roboflow.ai</database>
	</source>
	<size>
		<width>416</width>
		<height>416</height>
		<depth>3</depth>
	</size>
	<segmented>0</segmented>
	<object>
		<name>mammogram</name>
		<pose>Unspecified</pose>
		<truncated>0</truncated>
		<difficult>0</difficult>
		<occluded>0</occluded>
		<bndbox>
			<xmin>1</xmin>
			<xmax>262</xmax>
			<ymin>45</ymin>
			<ymax>330</ymax>
		</bndbox>
	</object>
</annotation>
