<annotation>
	<folder></folder>
	<filename>CC_3068_0133DDSM_png.rf.fee31b8beb6228c3d71135be60020bf8.jpg</filename>
	<path>CC_3068_0133DDSM_png.rf.fee31b8beb6228c3d71135be60020bf8.jpg</path>
	<source>
		<database>roboflow.ai</database>
	</source>
	<size>
		<width>416</width>
		<height>416</height>
		<depth>3</depth>
	</size>
	<segmented>0</segmented>
	<object>
		<name>mammogram</name>
		<pose>Unspecified</pose>
		<truncated>0</truncated>
		<difficult>0</difficult>
		<occluded>0</occluded>
		<bndbox>
			<xmin>61</xmin>
			<xmax>387</xmax>
			<ymin>44</ymin>
			<ymax>357</ymax>
		</bndbox>
	</object>
</annotation>
