<annotation>
	<folder></folder>
	<filename>CC_3368_0257DDSM_png.rf.729ca9fa3bc944cb004ce727283851c7.jpg</filename>
	<path>CC_3368_0257DDSM_png.rf.729ca9fa3bc944cb004ce727283851c7.jpg</path>
	<source>
		<database>roboflow.ai</database>
	</source>
	<size>
		<width>416</width>
		<height>416</height>
		<depth>3</depth>
	</size>
	<segmented>0</segmented>
	<object>
		<name>mammogram</name>
		<pose>Unspecified</pose>
		<truncated>0</truncated>
		<difficult>0</difficult>
		<occluded>0</occluded>
		<bndbox>
			<xmin>49</xmin>
			<xmax>417</xmax>
			<ymin>28</ymin>
			<ymax>407</ymax>
		</bndbox>
	</object>
</annotation>
