<annotation>
	<folder></folder>
	<filename>CC_3042_0123DDSM_png.rf.e43d4567aa43b54b35f81def58871221.jpg</filename>
	<path>CC_3042_0123DDSM_png.rf.e43d4567aa43b54b35f81def58871221.jpg</path>
	<source>
		<database>roboflow.ai</database>
	</source>
	<size>
		<width>416</width>
		<height>416</height>
		<depth>3</depth>
	</size>
	<segmented>0</segmented>
	<object>
		<name>mammogram</name>
		<pose>Unspecified</pose>
		<truncated>0</truncated>
		<difficult>0</difficult>
		<occluded>0</occluded>
		<bndbox>
			<xmin>1</xmin>
			<xmax>311</xmax>
			<ymin>54</ymin>
			<ymax>380</ymax>
		</bndbox>
	</object>
</annotation>
