<annotation>
	<folder></folder>
	<filename>CC_3402_0265DDSM_png.rf.5b4a65aee46dd796fe70b0b2e9bc57be.jpg</filename>
	<path>CC_3402_0265DDSM_png.rf.5b4a65aee46dd796fe70b0b2e9bc57be.jpg</path>
	<source>
		<database>roboflow.ai</database>
	</source>
	<size>
		<width>416</width>
		<height>416</height>
		<depth>3</depth>
	</size>
	<segmented>0</segmented>
	<object>
		<name>mammogram</name>
		<pose>Unspecified</pose>
		<truncated>0</truncated>
		<difficult>0</difficult>
		<occluded>0</occluded>
		<bndbox>
			<xmin>1</xmin>
			<xmax>319</xmax>
			<ymin>57</ymin>
			<ymax>372</ymax>
		</bndbox>
	</object>
</annotation>
