<annotation>
	<folder></folder>
	<filename>CC_374178883_6866_png.rf.dc8ea937b3efd8ac5a6440b6f8c1707b.jpg</filename>
	<path>CC_374178883_6866_png.rf.dc8ea937b3efd8ac5a6440b6f8c1707b.jpg</path>
	<source>
		<database>roboflow.ai</database>
	</source>
	<size>
		<width>416</width>
		<height>416</height>
		<depth>3</depth>
	</size>
	<segmented>0</segmented>
	<object>
		<name>mammogram</name>
		<pose>Unspecified</pose>
		<truncated>0</truncated>
		<difficult>0</difficult>
		<occluded>0</occluded>
		<bndbox>
			<xmin>213</xmin>
			<xmax>417</xmax>
			<ymin>23</ymin>
			<ymax>363</ymax>
		</bndbox>
	</object>
</annotation>
