<annotation>
	<folder></folder>
	<filename>CC_3968_0472DDSM_png.rf.1eafa593c0cef452187a0e0d6c3f39fd.jpg</filename>
	<path>CC_3968_0472DDSM_png.rf.1eafa593c0cef452187a0e0d6c3f39fd.jpg</path>
	<source>
		<database>roboflow.ai</database>
	</source>
	<size>
		<width>416</width>
		<height>416</height>
		<depth>3</depth>
	</size>
	<segmented>0</segmented>
	<object>
		<name>mammogram</name>
		<pose>Unspecified</pose>
		<truncated>0</truncated>
		<difficult>0</difficult>
		<occluded>0</occluded>
		<bndbox>
			<xmin>84</xmin>
			<xmax>417</xmax>
			<ymin>46</ymin>
			<ymax>359</ymax>
		</bndbox>
	</object>
</annotation>
