<annotation>
	<folder></folder>
	<filename>CC_3268_0230DDSM_png.rf.9084b3012c2237667f4090670aa2a7e4.jpg</filename>
	<path>CC_3268_0230DDSM_png.rf.9084b3012c2237667f4090670aa2a7e4.jpg</path>
	<source>
		<database>roboflow.ai</database>
	</source>
	<size>
		<width>416</width>
		<height>416</height>
		<depth>3</depth>
	</size>
	<segmented>0</segmented>
	<object>
		<name>mammogram</name>
		<pose>Unspecified</pose>
		<truncated>0</truncated>
		<difficult>0</difficult>
		<occluded>0</occluded>
		<bndbox>
			<xmin>82</xmin>
			<xmax>417</xmax>
			<ymin>19</ymin>
			<ymax>375</ymax>
		</bndbox>
	</object>
</annotation>
