<annotation>
	<folder></folder>
	<filename>CC_3090_0142DDSM_png.rf.3d8d93a51a4b89a4d66d3164f5cf9ec0.jpg</filename>
	<path>CC_3090_0142DDSM_png.rf.3d8d93a51a4b89a4d66d3164f5cf9ec0.jpg</path>
	<source>
		<database>roboflow.ai</database>
	</source>
	<size>
		<width>416</width>
		<height>416</height>
		<depth>3</depth>
	</size>
	<segmented>0</segmented>
	<object>
		<name>mammogram</name>
		<pose>Unspecified</pose>
		<truncated>0</truncated>
		<difficult>0</difficult>
		<occluded>0</occluded>
		<bndbox>
			<xmin>1</xmin>
			<xmax>360</xmax>
			<ymin>62</ymin>
			<ymax>371</ymax>
		</bndbox>
	</object>
</annotation>
