<annotation>
	<folder></folder>
	<filename>CC_3514_0297DDSM_png.rf.a1230fcd30891e12e214a85451b98212.jpg</filename>
	<path>CC_3514_0297DDSM_png.rf.a1230fcd30891e12e214a85451b98212.jpg</path>
	<source>
		<database>roboflow.ai</database>
	</source>
	<size>
		<width>416</width>
		<height>416</height>
		<depth>3</depth>
	</size>
	<segmented>0</segmented>
	<object>
		<name>mammogram</name>
		<pose>Unspecified</pose>
		<truncated>0</truncated>
		<difficult>0</difficult>
		<occluded>0</occluded>
		<bndbox>
			<xmin>1</xmin>
			<xmax>320</xmax>
			<ymin>46</ymin>
			<ymax>377</ymax>
		</bndbox>
	</object>
</annotation>
