<annotation>
	<folder></folder>
	<filename>CC_382116832_28989_png.rf.c390c1a06d093a2a1bba6c8f8e635a57.jpg</filename>
	<path>CC_382116832_28989_png.rf.c390c1a06d093a2a1bba6c8f8e635a57.jpg</path>
	<source>
		<database>roboflow.ai</database>
	</source>
	<size>
		<width>416</width>
		<height>416</height>
		<depth>3</depth>
	</size>
	<segmented>0</segmented>
	<object>
		<name>mammogram</name>
		<pose>Unspecified</pose>
		<truncated>0</truncated>
		<difficult>0</difficult>
		<occluded>0</occluded>
		<bndbox>
			<xmin>6</xmin>
			<xmax>417</xmax>
			<ymin>27</ymin>
			<ymax>417</ymax>
		</bndbox>
	</object>
</annotation>
