<annotation>
	<folder></folder>
	<filename>CC_3250_0224DDSM_png.rf.d5557faa437b5f7fb2b6a5e78a7e7a53.jpg</filename>
	<path>CC_3250_0224DDSM_png.rf.d5557faa437b5f7fb2b6a5e78a7e7a53.jpg</path>
	<source>
		<database>roboflow.ai</database>
	</source>
	<size>
		<width>416</width>
		<height>416</height>
		<depth>3</depth>
	</size>
	<segmented>0</segmented>
	<object>
		<name>mammogram</name>
		<pose>Unspecified</pose>
		<truncated>0</truncated>
		<difficult>0</difficult>
		<occluded>0</occluded>
		<bndbox>
			<xmin>1</xmin>
			<xmax>318</xmax>
			<ymin>20</ymin>
			<ymax>393</ymax>
		</bndbox>
	</object>
</annotation>
