<annotation>
	<folder></folder>
	<filename>CC_3900_0450DDSM_png.rf.3b384dcaf9c255cc3afa4e10598e7b85.jpg</filename>
	<path>CC_3900_0450DDSM_png.rf.3b384dcaf9c255cc3afa4e10598e7b85.jpg</path>
	<source>
		<database>roboflow.ai</database>
	</source>
	<size>
		<width>416</width>
		<height>416</height>
		<depth>3</depth>
	</size>
	<segmented>0</segmented>
	<object>
		<name>mammogram</name>
		<pose>Unspecified</pose>
		<truncated>0</truncated>
		<difficult>0</difficult>
		<occluded>0</occluded>
		<bndbox>
			<xmin>92</xmin>
			<xmax>417</xmax>
			<ymin>4</ymin>
			<ymax>353</ymax>
		</bndbox>
	</object>
</annotation>
