<annotation>
	<folder></folder>
	<filename>CC_39658249_4202_png.rf.84b2b156c6f7a764e5e70c0601f6e799.jpg</filename>
	<path>CC_39658249_4202_png.rf.84b2b156c6f7a764e5e70c0601f6e799.jpg</path>
	<source>
		<database>roboflow.ai</database>
	</source>
	<size>
		<width>416</width>
		<height>416</height>
		<depth>3</depth>
	</size>
	<segmented>0</segmented>
	<object>
		<name>mammogram</name>
		<pose>Unspecified</pose>
		<truncated>0</truncated>
		<difficult>0</difficult>
		<occluded>0</occluded>
		<bndbox>
			<xmin>1</xmin>
			<xmax>250</xmax>
			<ymin>17</ymin>
			<ymax>372</ymax>
		</bndbox>
	</object>
</annotation>
