<annotation>
	<folder></folder>
	<filename>CC_396925350_7151_png.rf.35ec395917aa1981be53eac3c095ef4a.jpg</filename>
	<path>CC_396925350_7151_png.rf.35ec395917aa1981be53eac3c095ef4a.jpg</path>
	<source>
		<database>roboflow.ai</database>
	</source>
	<size>
		<width>416</width>
		<height>416</height>
		<depth>3</depth>
	</size>
	<segmented>0</segmented>
	<object>
		<name>mammogram</name>
		<pose>Unspecified</pose>
		<truncated>0</truncated>
		<difficult>0</difficult>
		<occluded>0</occluded>
		<bndbox>
			<xmin>128</xmin>
			<xmax>417</xmax>
			<ymin>4</ymin>
			<ymax>398</ymax>
		</bndbox>
	</object>
</annotation>
