<annotation>
	<folder></folder>
	<filename>CC_3592_0321DDSM_png.rf.8349caabbcb6f5357546ae2ca38f2863.jpg</filename>
	<path>CC_3592_0321DDSM_png.rf.8349caabbcb6f5357546ae2ca38f2863.jpg</path>
	<source>
		<database>roboflow.ai</database>
	</source>
	<size>
		<width>416</width>
		<height>416</height>
		<depth>3</depth>
	</size>
	<segmented>0</segmented>
	<object>
		<name>mammogram</name>
		<pose>Unspecified</pose>
		<truncated>0</truncated>
		<difficult>0</difficult>
		<occluded>0</occluded>
		<bndbox>
			<xmin>84</xmin>
			<xmax>417</xmax>
			<ymin>28</ymin>
			<ymax>377</ymax>
		</bndbox>
	</object>
</annotation>
