<annotation>
	<folder></folder>
	<filename>CC_3464_0282DDSM_png.rf.5e6b22e2e5fa5b0b0b14be56327f5b1b.jpg</filename>
	<path>CC_3464_0282DDSM_png.rf.5e6b22e2e5fa5b0b0b14be56327f5b1b.jpg</path>
	<source>
		<database>roboflow.ai</database>
	</source>
	<size>
		<width>416</width>
		<height>416</height>
		<depth>3</depth>
	</size>
	<segmented>0</segmented>
	<object>
		<name>mammogram</name>
		<pose>Unspecified</pose>
		<truncated>0</truncated>
		<difficult>0</difficult>
		<occluded>0</occluded>
		<bndbox>
			<xmin>111</xmin>
			<xmax>417</xmax>
			<ymin>32</ymin>
			<ymax>367</ymax>
		</bndbox>
	</object>
</annotation>
