<annotation>
	<folder></folder>
	<filename>CC_3436_0274DDSM_png.rf.ad4ce6d6b6aab20c3fbfe92f9c23c812.jpg</filename>
	<path>CC_3436_0274DDSM_png.rf.ad4ce6d6b6aab20c3fbfe92f9c23c812.jpg</path>
	<source>
		<database>roboflow.ai</database>
	</source>
	<size>
		<width>416</width>
		<height>416</height>
		<depth>3</depth>
	</size>
	<segmented>0</segmented>
	<object>
		<name>mammogram</name>
		<pose>Unspecified</pose>
		<truncated>0</truncated>
		<difficult>0</difficult>
		<occluded>0</occluded>
		<bndbox>
			<xmin>114</xmin>
			<xmax>417</xmax>
			<ymin>43</ymin>
			<ymax>374</ymax>
		</bndbox>
	</object>
</annotation>
