<annotation>
	<folder></folder>
	<filename>CC_3938_0464DDSM_png.rf.40936fe2f12ce4b5e398a8b449e9e07e.jpg</filename>
	<path>CC_3938_0464DDSM_png.rf.40936fe2f12ce4b5e398a8b449e9e07e.jpg</path>
	<source>
		<database>roboflow.ai</database>
	</source>
	<size>
		<width>416</width>
		<height>416</height>
		<depth>3</depth>
	</size>
	<segmented>0</segmented>
	<object>
		<name>mammogram</name>
		<pose>Unspecified</pose>
		<truncated>0</truncated>
		<difficult>0</difficult>
		<occluded>0</occluded>
		<bndbox>
			<xmin>1</xmin>
			<xmax>353</xmax>
			<ymin>44</ymin>
			<ymax>417</ymax>
		</bndbox>
	</object>
</annotation>
