<annotation>
	<folder></folder>
	<filename>CC_3326_0245DDSM_png.rf.d51369b012d45aeabcd229aba96036a1.jpg</filename>
	<path>CC_3326_0245DDSM_png.rf.d51369b012d45aeabcd229aba96036a1.jpg</path>
	<source>
		<database>roboflow.ai</database>
	</source>
	<size>
		<width>416</width>
		<height>416</height>
		<depth>3</depth>
	</size>
	<segmented>0</segmented>
	<object>
		<name>mammogram</name>
		<pose>Unspecified</pose>
		<truncated>0</truncated>
		<difficult>0</difficult>
		<occluded>0</occluded>
		<bndbox>
			<xmin>1</xmin>
			<xmax>322</xmax>
			<ymin>45</ymin>
			<ymax>384</ymax>
		</bndbox>
	</object>
</annotation>
