<annotation>
	<folder></folder>
	<filename>CC_3880_0445DDSM_png.rf.87932ee1e29d85d269f0e41d29c81bbc.jpg</filename>
	<path>CC_3880_0445DDSM_png.rf.87932ee1e29d85d269f0e41d29c81bbc.jpg</path>
	<source>
		<database>roboflow.ai</database>
	</source>
	<size>
		<width>416</width>
		<height>416</height>
		<depth>3</depth>
	</size>
	<segmented>0</segmented>
	<object>
		<name>mammogram</name>
		<pose>Unspecified</pose>
		<truncated>0</truncated>
		<difficult>0</difficult>
		<occluded>0</occluded>
		<bndbox>
			<xmin>82</xmin>
			<xmax>417</xmax>
			<ymin>15</ymin>
			<ymax>382</ymax>
		</bndbox>
	</object>
</annotation>
