<annotation>
	<folder></folder>
	<filename>CC_384_0106DDSM_png.rf.0fb0dffac083591822c73b7d2f6768e9.jpg</filename>
	<path>CC_384_0106DDSM_png.rf.0fb0dffac083591822c73b7d2f6768e9.jpg</path>
	<source>
		<database>roboflow.ai</database>
	</source>
	<size>
		<width>416</width>
		<height>416</height>
		<depth>3</depth>
	</size>
	<segmented>0</segmented>
	<object>
		<name>mammogram</name>
		<pose>Unspecified</pose>
		<truncated>0</truncated>
		<difficult>0</difficult>
		<occluded>0</occluded>
		<bndbox>
			<xmin>1</xmin>
			<xmax>371</xmax>
			<ymin>69</ymin>
			<ymax>370</ymax>
		</bndbox>
	</object>
</annotation>
