<annotation>
	<folder></folder>
	<filename>CC_3194_0209DDSM_png.rf.3512255088d2341dd79662536476b078.jpg</filename>
	<path>CC_3194_0209DDSM_png.rf.3512255088d2341dd79662536476b078.jpg</path>
	<source>
		<database>roboflow.ai</database>
	</source>
	<size>
		<width>416</width>
		<height>416</height>
		<depth>3</depth>
	</size>
	<segmented>0</segmented>
	<object>
		<name>mammogram</name>
		<pose>Unspecified</pose>
		<truncated>0</truncated>
		<difficult>0</difficult>
		<occluded>0</occluded>
		<bndbox>
			<xmin>1</xmin>
			<xmax>364</xmax>
			<ymin>38</ymin>
			<ymax>390</ymax>
		</bndbox>
	</object>
</annotation>
