<annotation>
	<folder></folder>
	<filename>CC_3034_0119DDSM_png.rf.99fd7d93de016cd1f12edf77a049a30c.jpg</filename>
	<path>CC_3034_0119DDSM_png.rf.99fd7d93de016cd1f12edf77a049a30c.jpg</path>
	<source>
		<database>roboflow.ai</database>
	</source>
	<size>
		<width>416</width>
		<height>416</height>
		<depth>3</depth>
	</size>
	<segmented>0</segmented>
	<object>
		<name>mammogram</name>
		<pose>Unspecified</pose>
		<truncated>0</truncated>
		<difficult>0</difficult>
		<occluded>0</occluded>
		<bndbox>
			<xmin>1</xmin>
			<xmax>319</xmax>
			<ymin>40</ymin>
			<ymax>391</ymax>
		</bndbox>
	</object>
</annotation>
