<annotation>
	<folder></folder>
	<filename>CC_3772_0414DDSM_png.rf.cfedf51a8b3f409cf946a440428cbd00.jpg</filename>
	<path>CC_3772_0414DDSM_png.rf.cfedf51a8b3f409cf946a440428cbd00.jpg</path>
	<source>
		<database>roboflow.ai</database>
	</source>
	<size>
		<width>416</width>
		<height>416</height>
		<depth>3</depth>
	</size>
	<segmented>0</segmented>
	<object>
		<name>mammogram</name>
		<pose>Unspecified</pose>
		<truncated>0</truncated>
		<difficult>0</difficult>
		<occluded>0</occluded>
		<bndbox>
			<xmin>86</xmin>
			<xmax>417</xmax>
			<ymin>37</ymin>
			<ymax>389</ymax>
		</bndbox>
	</object>
</annotation>
