<annotation>
	<folder></folder>
	<filename>CC_3460_0280DDSM_png.rf.8797554b9fa37a5372b93a00ef495940.jpg</filename>
	<path>CC_3460_0280DDSM_png.rf.8797554b9fa37a5372b93a00ef495940.jpg</path>
	<source>
		<database>roboflow.ai</database>
	</source>
	<size>
		<width>416</width>
		<height>416</height>
		<depth>3</depth>
	</size>
	<segmented>0</segmented>
	<object>
		<name>mammogram</name>
		<pose>Unspecified</pose>
		<truncated>0</truncated>
		<difficult>0</difficult>
		<occluded>0</occluded>
		<bndbox>
			<xmin>68</xmin>
			<xmax>417</xmax>
			<ymin>36</ymin>
			<ymax>374</ymax>
		</bndbox>
	</object>
</annotation>
