<annotation>
	<folder></folder>
	<filename>CC_3840_0435DDSM_png.rf.8825bf02347470bcd1ffcb4dc9713113.jpg</filename>
	<path>CC_3840_0435DDSM_png.rf.8825bf02347470bcd1ffcb4dc9713113.jpg</path>
	<source>
		<database>roboflow.ai</database>
	</source>
	<size>
		<width>416</width>
		<height>416</height>
		<depth>3</depth>
	</size>
	<segmented>0</segmented>
	<object>
		<name>mammogram</name>
		<pose>Unspecified</pose>
		<truncated>0</truncated>
		<difficult>0</difficult>
		<occluded>0</occluded>
		<bndbox>
			<xmin>93</xmin>
			<xmax>417</xmax>
			<ymin>50</ymin>
			<ymax>398</ymax>
		</bndbox>
	</object>
</annotation>
