<annotation>
	<folder></folder>
	<filename>CC_3158_0200DDSM_png.rf.653da3751148a9cb432506495dfee605.jpg</filename>
	<path>CC_3158_0200DDSM_png.rf.653da3751148a9cb432506495dfee605.jpg</path>
	<source>
		<database>roboflow.ai</database>
	</source>
	<size>
		<width>416</width>
		<height>416</height>
		<depth>3</depth>
	</size>
	<segmented>0</segmented>
	<object>
		<name>mammogram</name>
		<pose>Unspecified</pose>
		<truncated>0</truncated>
		<difficult>0</difficult>
		<occluded>0</occluded>
		<bndbox>
			<xmin>1</xmin>
			<xmax>369</xmax>
			<ymin>31</ymin>
			<ymax>397</ymax>
		</bndbox>
	</object>
</annotation>
