<annotation>
	<folder></folder>
	<filename>CC_357986204_17183_png.rf.bb18406a5d8593f577d51000f1be150b.jpg</filename>
	<path>CC_357986204_17183_png.rf.bb18406a5d8593f577d51000f1be150b.jpg</path>
	<source>
		<database>roboflow.ai</database>
	</source>
	<size>
		<width>416</width>
		<height>416</height>
		<depth>3</depth>
	</size>
	<segmented>0</segmented>
	<object>
		<name>mammogram</name>
		<pose>Unspecified</pose>
		<truncated>0</truncated>
		<difficult>0</difficult>
		<occluded>0</occluded>
		<bndbox>
			<xmin>154</xmin>
			<xmax>417</xmax>
			<ymin>30</ymin>
			<ymax>391</ymax>
		</bndbox>
	</object>
</annotation>
