<annotation>
	<folder></folder>
	<filename>CC_3610_0326DDSM_png.rf.95023cf56e501d4276f8216b1095b6a3.jpg</filename>
	<path>CC_3610_0326DDSM_png.rf.95023cf56e501d4276f8216b1095b6a3.jpg</path>
	<source>
		<database>roboflow.ai</database>
	</source>
	<size>
		<width>416</width>
		<height>416</height>
		<depth>3</depth>
	</size>
	<segmented>0</segmented>
	<object>
		<name>mammogram</name>
		<pose>Unspecified</pose>
		<truncated>0</truncated>
		<difficult>0</difficult>
		<occluded>0</occluded>
		<bndbox>
			<xmin>1</xmin>
			<xmax>328</xmax>
			<ymin>41</ymin>
			<ymax>374</ymax>
		</bndbox>
	</object>
</annotation>
