<annotation>
	<folder></folder>
	<filename>CC_32033063_63226_png.rf.c451a370cae7411011e5cc76c074ca6b.jpg</filename>
	<path>CC_32033063_63226_png.rf.c451a370cae7411011e5cc76c074ca6b.jpg</path>
	<source>
		<database>roboflow.ai</database>
	</source>
	<size>
		<width>416</width>
		<height>416</height>
		<depth>3</depth>
	</size>
	<segmented>0</segmented>
	<object>
		<name>mammogram</name>
		<pose>Unspecified</pose>
		<truncated>0</truncated>
		<difficult>0</difficult>
		<occluded>0</occluded>
		<bndbox>
			<xmin>1</xmin>
			<xmax>195</xmax>
			<ymin>109</ymin>
			<ymax>417</ymax>
		</bndbox>
	</object>
</annotation>
