<annotation>
	<folder></folder>
	<filename>CC_3228_0219DDSM_png.rf.03c575665c358a58f46797fd407ebe8c.jpg</filename>
	<path>CC_3228_0219DDSM_png.rf.03c575665c358a58f46797fd407ebe8c.jpg</path>
	<source>
		<database>roboflow.ai</database>
	</source>
	<size>
		<width>416</width>
		<height>416</height>
		<depth>3</depth>
	</size>
	<segmented>0</segmented>
	<object>
		<name>mammogram</name>
		<pose>Unspecified</pose>
		<truncated>0</truncated>
		<difficult>0</difficult>
		<occluded>0</occluded>
		<bndbox>
			<xmin>107</xmin>
			<xmax>417</xmax>
			<ymin>6</ymin>
			<ymax>391</ymax>
		</bndbox>
	</object>
</annotation>
