<annotation>
	<folder></folder>
	<filename>CC_3170_0203DDSM_png.rf.13335b80d158c74cf7dacee6b434d3f2.jpg</filename>
	<path>CC_3170_0203DDSM_png.rf.13335b80d158c74cf7dacee6b434d3f2.jpg</path>
	<source>
		<database>roboflow.ai</database>
	</source>
	<size>
		<width>416</width>
		<height>416</height>
		<depth>3</depth>
	</size>
	<segmented>0</segmented>
	<object>
		<name>mammogram</name>
		<pose>Unspecified</pose>
		<truncated>0</truncated>
		<difficult>0</difficult>
		<occluded>0</occluded>
		<bndbox>
			<xmin>1</xmin>
			<xmax>337</xmax>
			<ymin>19</ymin>
			<ymax>366</ymax>
		</bndbox>
	</object>
</annotation>
