<annotation>
	<folder></folder>
	<filename>CC_360831144_18071_png.rf.fad71ac2477d7159a894f58d2acf079a.jpg</filename>
	<path>CC_360831144_18071_png.rf.fad71ac2477d7159a894f58d2acf079a.jpg</path>
	<source>
		<database>roboflow.ai</database>
	</source>
	<size>
		<width>416</width>
		<height>416</height>
		<depth>3</depth>
	</size>
	<segmented>0</segmented>
	<object>
		<name>mammogram</name>
		<pose>Unspecified</pose>
		<truncated>0</truncated>
		<difficult>0</difficult>
		<occluded>0</occluded>
		<bndbox>
			<xmin>223</xmin>
			<xmax>417</xmax>
			<ymin>56</ymin>
			<ymax>359</ymax>
		</bndbox>
	</object>
</annotation>
