<annotation>
	<folder></folder>
	<filename>CC_3628_0333DDSM_png.rf.c239ef2a619dd74a96ef5acbf66e5f73.jpg</filename>
	<path>CC_3628_0333DDSM_png.rf.c239ef2a619dd74a96ef5acbf66e5f73.jpg</path>
	<source>
		<database>roboflow.ai</database>
	</source>
	<size>
		<width>416</width>
		<height>416</height>
		<depth>3</depth>
	</size>
	<segmented>0</segmented>
	<object>
		<name>mammogram</name>
		<pose>Unspecified</pose>
		<truncated>0</truncated>
		<difficult>0</difficult>
		<occluded>0</occluded>
		<bndbox>
			<xmin>58</xmin>
			<xmax>417</xmax>
			<ymin>41</ymin>
			<ymax>372</ymax>
		</bndbox>
	</object>
</annotation>
