<annotation>
	<folder></folder>
	<filename>CC_357085928_39920_png.rf.8c3c70c0c9eff76aebb50c6e4e911908.jpg</filename>
	<path>CC_357085928_39920_png.rf.8c3c70c0c9eff76aebb50c6e4e911908.jpg</path>
	<source>
		<database>roboflow.ai</database>
	</source>
	<size>
		<width>416</width>
		<height>416</height>
		<depth>3</depth>
	</size>
	<segmented>0</segmented>
	<object>
		<name>mammogram</name>
		<pose>Unspecified</pose>
		<truncated>0</truncated>
		<difficult>0</difficult>
		<occluded>0</occluded>
		<bndbox>
			<xmin>300</xmin>
			<xmax>417</xmax>
			<ymin>77</ymin>
			<ymax>359</ymax>
		</bndbox>
	</object>
</annotation>
