<annotation>
	<folder></folder>
	<filename>CC_3576_0317DDSM_png.rf.ca40cd49cc936068698ed34b7d503f15.jpg</filename>
	<path>CC_3576_0317DDSM_png.rf.ca40cd49cc936068698ed34b7d503f15.jpg</path>
	<source>
		<database>roboflow.ai</database>
	</source>
	<size>
		<width>416</width>
		<height>416</height>
		<depth>3</depth>
	</size>
	<segmented>0</segmented>
	<object>
		<name>mammogram</name>
		<pose>Unspecified</pose>
		<truncated>0</truncated>
		<difficult>0</difficult>
		<occluded>0</occluded>
		<bndbox>
			<xmin>152</xmin>
			<xmax>417</xmax>
			<ymin>41</ymin>
			<ymax>371</ymax>
		</bndbox>
	</object>
</annotation>
