<annotation>
	<folder></folder>
	<filename>CC_3382_0260DDSM_png.rf.9861cb8cccde3ed106abf98283d59c87.jpg</filename>
	<path>CC_3382_0260DDSM_png.rf.9861cb8cccde3ed106abf98283d59c87.jpg</path>
	<source>
		<database>roboflow.ai</database>
	</source>
	<size>
		<width>416</width>
		<height>416</height>
		<depth>3</depth>
	</size>
	<segmented>0</segmented>
	<object>
		<name>mammogram</name>
		<pose>Unspecified</pose>
		<truncated>0</truncated>
		<difficult>0</difficult>
		<occluded>0</occluded>
		<bndbox>
			<xmin>1</xmin>
			<xmax>354</xmax>
			<ymin>52</ymin>
			<ymax>401</ymax>
		</bndbox>
	</object>
</annotation>
