<annotation>
	<folder></folder>
	<filename>CC_3206_0212DDSM_png.rf.d0b489a71a8cfb0abf8b117ef8de15d8.jpg</filename>
	<path>CC_3206_0212DDSM_png.rf.d0b489a71a8cfb0abf8b117ef8de15d8.jpg</path>
	<source>
		<database>roboflow.ai</database>
	</source>
	<size>
		<width>416</width>
		<height>416</height>
		<depth>3</depth>
	</size>
	<segmented>0</segmented>
	<object>
		<name>mammogram</name>
		<pose>Unspecified</pose>
		<truncated>0</truncated>
		<difficult>0</difficult>
		<occluded>0</occluded>
		<bndbox>
			<xmin>1</xmin>
			<xmax>341</xmax>
			<ymin>27</ymin>
			<ymax>401</ymax>
		</bndbox>
	</object>
</annotation>
