<annotation>
	<folder></folder>
	<filename>CC_3970_0472DDSM_png.rf.5e19d83322817ef94b72aec9a0915ae5.jpg</filename>
	<path>CC_3970_0472DDSM_png.rf.5e19d83322817ef94b72aec9a0915ae5.jpg</path>
	<source>
		<database>roboflow.ai</database>
	</source>
	<size>
		<width>416</width>
		<height>416</height>
		<depth>3</depth>
	</size>
	<segmented>0</segmented>
	<object>
		<name>mammogram</name>
		<pose>Unspecified</pose>
		<truncated>0</truncated>
		<difficult>0</difficult>
		<occluded>0</occluded>
		<bndbox>
			<xmin>1</xmin>
			<xmax>319</xmax>
			<ymin>38</ymin>
			<ymax>362</ymax>
		</bndbox>
	</object>
</annotation>
