<annotation>
	<folder></folder>
	<filename>CC_3544_0307DDSM_png.rf.297b0464b1b24fa8b7d2c446e5b8b83c.jpg</filename>
	<path>CC_3544_0307DDSM_png.rf.297b0464b1b24fa8b7d2c446e5b8b83c.jpg</path>
	<source>
		<database>roboflow.ai</database>
	</source>
	<size>
		<width>416</width>
		<height>416</height>
		<depth>3</depth>
	</size>
	<segmented>0</segmented>
	<object>
		<name>mammogram</name>
		<pose>Unspecified</pose>
		<truncated>0</truncated>
		<difficult>0</difficult>
		<occluded>0</occluded>
		<bndbox>
			<xmin>107</xmin>
			<xmax>417</xmax>
			<ymin>26</ymin>
			<ymax>365</ymax>
		</bndbox>
	</object>
</annotation>
