<annotation>
	<folder></folder>
	<filename>CC_3924_0457DDSM_png.rf.679951dbd6063c183eaa2bbc0509a602.jpg</filename>
	<path>CC_3924_0457DDSM_png.rf.679951dbd6063c183eaa2bbc0509a602.jpg</path>
	<source>
		<database>roboflow.ai</database>
	</source>
	<size>
		<width>416</width>
		<height>416</height>
		<depth>3</depth>
	</size>
	<segmented>0</segmented>
	<object>
		<name>mammogram</name>
		<pose>Unspecified</pose>
		<truncated>0</truncated>
		<difficult>0</difficult>
		<occluded>0</occluded>
		<bndbox>
			<xmin>55</xmin>
			<xmax>413</xmax>
			<ymin>63</ymin>
			<ymax>362</ymax>
		</bndbox>
	</object>
</annotation>
