<annotation>
	<folder></folder>
	<filename>CC_3550_0309DDSM_png.rf.c53a751bc49ae707dabd15986f7b2a1e.jpg</filename>
	<path>CC_3550_0309DDSM_png.rf.c53a751bc49ae707dabd15986f7b2a1e.jpg</path>
	<source>
		<database>roboflow.ai</database>
	</source>
	<size>
		<width>416</width>
		<height>416</height>
		<depth>3</depth>
	</size>
	<segmented>0</segmented>
	<object>
		<name>mammogram</name>
		<pose>Unspecified</pose>
		<truncated>0</truncated>
		<difficult>0</difficult>
		<occluded>0</occluded>
		<bndbox>
			<xmin>6</xmin>
			<xmax>360</xmax>
			<ymin>26</ymin>
			<ymax>371</ymax>
		</bndbox>
	</object>
</annotation>
