<annotation>
	<folder></folder>
	<filename>CC_3860_0440DDSM_png.rf.7e02d9f20986b0cb658bda17db461807.jpg</filename>
	<path>CC_3860_0440DDSM_png.rf.7e02d9f20986b0cb658bda17db461807.jpg</path>
	<source>
		<database>roboflow.ai</database>
	</source>
	<size>
		<width>416</width>
		<height>416</height>
		<depth>3</depth>
	</size>
	<segmented>0</segmented>
	<object>
		<name>mammogram</name>
		<pose>Unspecified</pose>
		<truncated>0</truncated>
		<difficult>0</difficult>
		<occluded>0</occluded>
		<bndbox>
			<xmin>80</xmin>
			<xmax>403</xmax>
			<ymin>35</ymin>
			<ymax>385</ymax>
		</bndbox>
	</object>
</annotation>
