<annotation>
	<folder></folder>
	<filename>CC_3202_0211DDSM_png.rf.40849c41d43342f753ea61d0b107ef6c.jpg</filename>
	<path>CC_3202_0211DDSM_png.rf.40849c41d43342f753ea61d0b107ef6c.jpg</path>
	<source>
		<database>roboflow.ai</database>
	</source>
	<size>
		<width>416</width>
		<height>416</height>
		<depth>3</depth>
	</size>
	<segmented>0</segmented>
	<object>
		<name>mammogram</name>
		<pose>Unspecified</pose>
		<truncated>0</truncated>
		<difficult>0</difficult>
		<occluded>0</occluded>
		<bndbox>
			<xmin>1</xmin>
			<xmax>269</xmax>
			<ymin>41</ymin>
			<ymax>374</ymax>
		</bndbox>
	</object>
</annotation>
