<annotation>
	<folder></folder>
	<filename>CC_3766_0391DDSM_png.rf.cdcccc0747c55e8586bda966f9688972.jpg</filename>
	<path>CC_3766_0391DDSM_png.rf.cdcccc0747c55e8586bda966f9688972.jpg</path>
	<source>
		<database>roboflow.ai</database>
	</source>
	<size>
		<width>416</width>
		<height>416</height>
		<depth>3</depth>
	</size>
	<segmented>0</segmented>
	<object>
		<name>mammogram</name>
		<pose>Unspecified</pose>
		<truncated>0</truncated>
		<difficult>0</difficult>
		<occluded>0</occluded>
		<bndbox>
			<xmin>5</xmin>
			<xmax>336</xmax>
			<ymin>33</ymin>
			<ymax>373</ymax>
		</bndbox>
	</object>
</annotation>
