<annotation>
	<folder></folder>
	<filename>CC_3180_0206DDSM_png.rf.547da309a8ba51a2d101c31835a6bf9d.jpg</filename>
	<path>CC_3180_0206DDSM_png.rf.547da309a8ba51a2d101c31835a6bf9d.jpg</path>
	<source>
		<database>roboflow.ai</database>
	</source>
	<size>
		<width>416</width>
		<height>416</height>
		<depth>3</depth>
	</size>
	<segmented>0</segmented>
	<object>
		<name>mammogram</name>
		<pose>Unspecified</pose>
		<truncated>0</truncated>
		<difficult>0</difficult>
		<occluded>0</occluded>
		<bndbox>
			<xmin>92</xmin>
			<xmax>417</xmax>
			<ymin>52</ymin>
			<ymax>378</ymax>
		</bndbox>
	</object>
</annotation>
