<annotation>
	<folder></folder>
	<filename>CC_3472_0284DDSM_png.rf.1594443037daf4b7e0952a2ce567867a.jpg</filename>
	<path>CC_3472_0284DDSM_png.rf.1594443037daf4b7e0952a2ce567867a.jpg</path>
	<source>
		<database>roboflow.ai</database>
	</source>
	<size>
		<width>416</width>
		<height>416</height>
		<depth>3</depth>
	</size>
	<segmented>0</segmented>
	<object>
		<name>mammogram</name>
		<pose>Unspecified</pose>
		<truncated>0</truncated>
		<difficult>0</difficult>
		<occluded>0</occluded>
		<bndbox>
			<xmin>68</xmin>
			<xmax>417</xmax>
			<ymin>14</ymin>
			<ymax>373</ymax>
		</bndbox>
	</object>
</annotation>
