<annotation>
	<folder></folder>
	<filename>CC_3528_0303DDSM_png.rf.3ea48ef0b8c71b88217b911cc1e5faf6.jpg</filename>
	<path>CC_3528_0303DDSM_png.rf.3ea48ef0b8c71b88217b911cc1e5faf6.jpg</path>
	<source>
		<database>roboflow.ai</database>
	</source>
	<size>
		<width>416</width>
		<height>416</height>
		<depth>3</depth>
	</size>
	<segmented>0</segmented>
	<object>
		<name>mammogram</name>
		<pose>Unspecified</pose>
		<truncated>0</truncated>
		<difficult>0</difficult>
		<occluded>0</occluded>
		<bndbox>
			<xmin>126</xmin>
			<xmax>417</xmax>
			<ymin>13</ymin>
			<ymax>374</ymax>
		</bndbox>
	</object>
</annotation>
