<annotation>
	<folder></folder>
	<filename>CC_3940_0465DDSM_png.rf.554cb80db138d090f3324ec8a8342438.jpg</filename>
	<path>CC_3940_0465DDSM_png.rf.554cb80db138d090f3324ec8a8342438.jpg</path>
	<source>
		<database>roboflow.ai</database>
	</source>
	<size>
		<width>416</width>
		<height>416</height>
		<depth>3</depth>
	</size>
	<segmented>0</segmented>
	<object>
		<name>mammogram</name>
		<pose>Unspecified</pose>
		<truncated>0</truncated>
		<difficult>0</difficult>
		<occluded>0</occluded>
		<bndbox>
			<xmin>93</xmin>
			<xmax>409</xmax>
			<ymin>12</ymin>
			<ymax>376</ymax>
		</bndbox>
	</object>
</annotation>
