<annotation>
	<folder></folder>
	<filename>CC_3364_0256DDSM_png.rf.cd731d68546c473bb928a132a1a814ff.jpg</filename>
	<path>CC_3364_0256DDSM_png.rf.cd731d68546c473bb928a132a1a814ff.jpg</path>
	<source>
		<database>roboflow.ai</database>
	</source>
	<size>
		<width>416</width>
		<height>416</height>
		<depth>3</depth>
	</size>
	<segmented>0</segmented>
	<object>
		<name>mammogram</name>
		<pose>Unspecified</pose>
		<truncated>0</truncated>
		<difficult>0</difficult>
		<occluded>0</occluded>
		<bndbox>
			<xmin>115</xmin>
			<xmax>417</xmax>
			<ymin>23</ymin>
			<ymax>387</ymax>
		</bndbox>
	</object>
</annotation>
