<annotation>
	<folder></folder>
	<filename>CC_4556_1998DDSM_png.rf.c50998a0aa5a0773cc11ec6f84668830.jpg</filename>
	<path>CC_4556_1998DDSM_png.rf.c50998a0aa5a0773cc11ec6f84668830.jpg</path>
	<source>
		<database>roboflow.ai</database>
	</source>
	<size>
		<width>416</width>
		<height>416</height>
		<depth>3</depth>
	</size>
	<segmented>0</segmented>
	<object>
		<name>mammogram</name>
		<pose>Unspecified</pose>
		<truncated>0</truncated>
		<difficult>0</difficult>
		<occluded>0</occluded>
		<bndbox>
			<xmin>102</xmin>
			<xmax>417</xmax>
			<ymin>49</ymin>
			<ymax>390</ymax>
		</bndbox>
	</object>
</annotation>
