<annotation>
	<folder></folder>
	<filename>CC_42_0011DDSM_png.rf.98acff450f1304722da2a067e45d4f3d.jpg</filename>
	<path>CC_42_0011DDSM_png.rf.98acff450f1304722da2a067e45d4f3d.jpg</path>
	<source>
		<database>roboflow.ai</database>
	</source>
	<size>
		<width>416</width>
		<height>416</height>
		<depth>3</depth>
	</size>
	<segmented>0</segmented>
	<object>
		<name>mammogram</name>
		<pose>Unspecified</pose>
		<truncated>0</truncated>
		<difficult>0</difficult>
		<occluded>0</occluded>
		<bndbox>
			<xmin>146</xmin>
			<xmax>417</xmax>
			<ymin>22</ymin>
			<ymax>355</ymax>
		</bndbox>
	</object>
</annotation>
