<annotation>
	<folder></folder>
	<filename>CC_4998_4575DDSM_png.rf.f77bd09a750b6cb7f4c8f00ce848ba5c.jpg</filename>
	<path>CC_4998_4575DDSM_png.rf.f77bd09a750b6cb7f4c8f00ce848ba5c.jpg</path>
	<source>
		<database>roboflow.ai</database>
	</source>
	<size>
		<width>416</width>
		<height>416</height>
		<depth>3</depth>
	</size>
	<segmented>0</segmented>
	<object>
		<name>mammogram</name>
		<pose>Unspecified</pose>
		<truncated>0</truncated>
		<difficult>0</difficult>
		<occluded>0</occluded>
		<bndbox>
			<xmin>1</xmin>
			<xmax>367</xmax>
			<ymin>23</ymin>
			<ymax>378</ymax>
		</bndbox>
	</object>
</annotation>
