<annotation>
	<folder></folder>
	<filename>CC_4154_0532DDSM_png.rf.8733c521960ed5de32557895cc3ea2a3.jpg</filename>
	<path>CC_4154_0532DDSM_png.rf.8733c521960ed5de32557895cc3ea2a3.jpg</path>
	<source>
		<database>roboflow.ai</database>
	</source>
	<size>
		<width>416</width>
		<height>416</height>
		<depth>3</depth>
	</size>
	<segmented>0</segmented>
	<object>
		<name>mammogram</name>
		<pose>Unspecified</pose>
		<truncated>0</truncated>
		<difficult>0</difficult>
		<occluded>0</occluded>
		<bndbox>
			<xmin>1</xmin>
			<xmax>364</xmax>
			<ymin>46</ymin>
			<ymax>395</ymax>
		</bndbox>
	</object>
</annotation>
