<annotation>
	<folder></folder>
	<filename>CC_4128_0525DDSM_png.rf.b99481f047c807fa5f80a32be1a1a9c0.jpg</filename>
	<path>CC_4128_0525DDSM_png.rf.b99481f047c807fa5f80a32be1a1a9c0.jpg</path>
	<source>
		<database>roboflow.ai</database>
	</source>
	<size>
		<width>416</width>
		<height>416</height>
		<depth>3</depth>
	</size>
	<segmented>0</segmented>
	<object>
		<name>mammogram</name>
		<pose>Unspecified</pose>
		<truncated>0</truncated>
		<difficult>0</difficult>
		<occluded>0</occluded>
		<bndbox>
			<xmin>79</xmin>
			<xmax>404</xmax>
			<ymin>33</ymin>
			<ymax>379</ymax>
		</bndbox>
	</object>
</annotation>
