<annotation>
	<folder></folder>
	<filename>CC_454443523_8248_png.rf.e59ef463c389a10d04b692cd72b70fc7.jpg</filename>
	<path>CC_454443523_8248_png.rf.e59ef463c389a10d04b692cd72b70fc7.jpg</path>
	<source>
		<database>roboflow.ai</database>
	</source>
	<size>
		<width>416</width>
		<height>416</height>
		<depth>3</depth>
	</size>
	<segmented>0</segmented>
	<object>
		<name>mammogram</name>
		<pose>Unspecified</pose>
		<truncated>0</truncated>
		<difficult>0</difficult>
		<occluded>0</occluded>
		<bndbox>
			<xmin>1</xmin>
			<xmax>251</xmax>
			<ymin>35</ymin>
			<ymax>389</ymax>
		</bndbox>
	</object>
</annotation>
