<annotation>
	<folder></folder>
	<filename>CC_4312_0605DDSM_png.rf.3a83aa9e58c6aa30bcf9feeec72e8687.jpg</filename>
	<path>CC_4312_0605DDSM_png.rf.3a83aa9e58c6aa30bcf9feeec72e8687.jpg</path>
	<source>
		<database>roboflow.ai</database>
	</source>
	<size>
		<width>416</width>
		<height>416</height>
		<depth>3</depth>
	</size>
	<segmented>0</segmented>
	<object>
		<name>mammogram</name>
		<pose>Unspecified</pose>
		<truncated>0</truncated>
		<difficult>0</difficult>
		<occluded>0</occluded>
		<bndbox>
			<xmin>101</xmin>
			<xmax>417</xmax>
			<ymin>49</ymin>
			<ymax>391</ymax>
		</bndbox>
	</object>
</annotation>
