<annotation>
	<folder></folder>
	<filename>CC_4794_4521DDSM_png.rf.4fbe6ec6ce8d902283768a9b9abd9d6b.jpg</filename>
	<path>CC_4794_4521DDSM_png.rf.4fbe6ec6ce8d902283768a9b9abd9d6b.jpg</path>
	<source>
		<database>roboflow.ai</database>
	</source>
	<size>
		<width>416</width>
		<height>416</height>
		<depth>3</depth>
	</size>
	<segmented>0</segmented>
	<object>
		<name>mammogram</name>
		<pose>Unspecified</pose>
		<truncated>0</truncated>
		<difficult>0</difficult>
		<occluded>0</occluded>
		<bndbox>
			<xmin>8</xmin>
			<xmax>328</xmax>
			<ymin>23</ymin>
			<ymax>380</ymax>
		</bndbox>
	</object>
</annotation>
