<annotation>
	<folder></folder>
	<filename>CC_4576_2006DDSM_png.rf.bc041b391ff4bf3cbfe129e3b06772a2.jpg</filename>
	<path>CC_4576_2006DDSM_png.rf.bc041b391ff4bf3cbfe129e3b06772a2.jpg</path>
	<source>
		<database>roboflow.ai</database>
	</source>
	<size>
		<width>416</width>
		<height>416</height>
		<depth>3</depth>
	</size>
	<segmented>0</segmented>
	<object>
		<name>mammogram</name>
		<pose>Unspecified</pose>
		<truncated>0</truncated>
		<difficult>0</difficult>
		<occluded>0</occluded>
		<bndbox>
			<xmin>19</xmin>
			<xmax>417</xmax>
			<ymin>43</ymin>
			<ymax>355</ymax>
		</bndbox>
	</object>
</annotation>
