<annotation>
	<folder></folder>
	<filename>CC_4558_1998DDSM_png.rf.443b6d0211834c9a0e35a343964883d7.jpg</filename>
	<path>CC_4558_1998DDSM_png.rf.443b6d0211834c9a0e35a343964883d7.jpg</path>
	<source>
		<database>roboflow.ai</database>
	</source>
	<size>
		<width>416</width>
		<height>416</height>
		<depth>3</depth>
	</size>
	<segmented>0</segmented>
	<object>
		<name>mammogram</name>
		<pose>Unspecified</pose>
		<truncated>0</truncated>
		<difficult>0</difficult>
		<occluded>0</occluded>
		<bndbox>
			<xmin>5</xmin>
			<xmax>336</xmax>
			<ymin>21</ymin>
			<ymax>372</ymax>
		</bndbox>
	</object>
</annotation>
