<annotation>
	<folder></folder>
	<filename>CC_4194_0569DDSM_png.rf.02fdd1e020e0fd06761c7383cd5d07b2.jpg</filename>
	<path>CC_4194_0569DDSM_png.rf.02fdd1e020e0fd06761c7383cd5d07b2.jpg</path>
	<source>
		<database>roboflow.ai</database>
	</source>
	<size>
		<width>416</width>
		<height>416</height>
		<depth>3</depth>
	</size>
	<segmented>0</segmented>
	<object>
		<name>mammogram</name>
		<pose>Unspecified</pose>
		<truncated>0</truncated>
		<difficult>0</difficult>
		<occluded>0</occluded>
		<bndbox>
			<xmin>8</xmin>
			<xmax>337</xmax>
			<ymin>29</ymin>
			<ymax>392</ymax>
		</bndbox>
	</object>
</annotation>
