<annotation>
	<folder></folder>
	<filename>CC_4140_0528DDSM_png.rf.ccc4cb94a7919b63d5f60a5914b986ea.jpg</filename>
	<path>CC_4140_0528DDSM_png.rf.ccc4cb94a7919b63d5f60a5914b986ea.jpg</path>
	<source>
		<database>roboflow.ai</database>
	</source>
	<size>
		<width>416</width>
		<height>416</height>
		<depth>3</depth>
	</size>
	<segmented>0</segmented>
	<object>
		<name>mammogram</name>
		<pose>Unspecified</pose>
		<truncated>0</truncated>
		<difficult>0</difficult>
		<occluded>0</occluded>
		<bndbox>
			<xmin>85</xmin>
			<xmax>417</xmax>
			<ymin>40</ymin>
			<ymax>374</ymax>
		</bndbox>
	</object>
</annotation>
