<annotation>
	<folder></folder>
	<filename>CC_4812_4526DDSM_png.rf.df9127de0feb1516719b99cf99b6bccb.jpg</filename>
	<path>CC_4812_4526DDSM_png.rf.df9127de0feb1516719b99cf99b6bccb.jpg</path>
	<source>
		<database>roboflow.ai</database>
	</source>
	<size>
		<width>416</width>
		<height>416</height>
		<depth>3</depth>
	</size>
	<segmented>0</segmented>
	<object>
		<name>mammogram</name>
		<pose>Unspecified</pose>
		<truncated>0</truncated>
		<difficult>0</difficult>
		<occluded>0</occluded>
		<bndbox>
			<xmin>113</xmin>
			<xmax>417</xmax>
			<ymin>52</ymin>
			<ymax>373</ymax>
		</bndbox>
	</object>
</annotation>
