<annotation>
	<folder></folder>
	<filename>CC_4354_0616DDSM_png.rf.f539a1452b319ffa77990a3be9d7f028.jpg</filename>
	<path>CC_4354_0616DDSM_png.rf.f539a1452b319ffa77990a3be9d7f028.jpg</path>
	<source>
		<database>roboflow.ai</database>
	</source>
	<size>
		<width>416</width>
		<height>416</height>
		<depth>3</depth>
	</size>
	<segmented>0</segmented>
	<object>
		<name>mammogram</name>
		<pose>Unspecified</pose>
		<truncated>0</truncated>
		<difficult>0</difficult>
		<occluded>0</occluded>
		<bndbox>
			<xmin>1</xmin>
			<xmax>305</xmax>
			<ymin>34</ymin>
			<ymax>376</ymax>
		</bndbox>
	</object>
</annotation>
