<annotation>
	<folder></folder>
	<filename>CC_4234_0581DDSM_png.rf.dfd2c85dbceae438b6616a454b54f760.jpg</filename>
	<path>CC_4234_0581DDSM_png.rf.dfd2c85dbceae438b6616a454b54f760.jpg</path>
	<source>
		<database>roboflow.ai</database>
	</source>
	<size>
		<width>416</width>
		<height>416</height>
		<depth>3</depth>
	</size>
	<segmented>0</segmented>
	<object>
		<name>mammogram</name>
		<pose>Unspecified</pose>
		<truncated>0</truncated>
		<difficult>0</difficult>
		<occluded>0</occluded>
		<bndbox>
			<xmin>1</xmin>
			<xmax>352</xmax>
			<ymin>48</ymin>
			<ymax>391</ymax>
		</bndbox>
	</object>
</annotation>
