<annotation>
	<folder></folder>
	<filename>CC_4138_0527DDSM_png.rf.9fa6f383a0e9d5c8ad2971980483c202.jpg</filename>
	<path>CC_4138_0527DDSM_png.rf.9fa6f383a0e9d5c8ad2971980483c202.jpg</path>
	<source>
		<database>roboflow.ai</database>
	</source>
	<size>
		<width>416</width>
		<height>416</height>
		<depth>3</depth>
	</size>
	<segmented>0</segmented>
	<object>
		<name>mammogram</name>
		<pose>Unspecified</pose>
		<truncated>0</truncated>
		<difficult>0</difficult>
		<occluded>0</occluded>
		<bndbox>
			<xmin>3</xmin>
			<xmax>332</xmax>
			<ymin>27</ymin>
			<ymax>361</ymax>
		</bndbox>
	</object>
</annotation>
