<annotation>
	<folder></folder>
	<filename>CC_472422304_31581_png.rf.06547d36653193833a80495fe00ff048.jpg</filename>
	<path>CC_472422304_31581_png.rf.06547d36653193833a80495fe00ff048.jpg</path>
	<source>
		<database>roboflow.ai</database>
	</source>
	<size>
		<width>416</width>
		<height>416</height>
		<depth>3</depth>
	</size>
	<segmented>0</segmented>
	<object>
		<name>mammogram</name>
		<pose>Unspecified</pose>
		<truncated>0</truncated>
		<difficult>0</difficult>
		<occluded>0</occluded>
		<bndbox>
			<xmin>1</xmin>
			<xmax>201</xmax>
			<ymin>1</ymin>
			<ymax>397</ymax>
		</bndbox>
	</object>
</annotation>
