<annotation>
	<folder></folder>
	<filename>CC_4210_0573DDSM_png.rf.565b76850927cee2dca6c52d5ab8bd98.jpg</filename>
	<path>CC_4210_0573DDSM_png.rf.565b76850927cee2dca6c52d5ab8bd98.jpg</path>
	<source>
		<database>roboflow.ai</database>
	</source>
	<size>
		<width>416</width>
		<height>416</height>
		<depth>3</depth>
	</size>
	<segmented>0</segmented>
	<object>
		<name>mammogram</name>
		<pose>Unspecified</pose>
		<truncated>0</truncated>
		<difficult>0</difficult>
		<occluded>0</occluded>
		<bndbox>
			<xmin>11</xmin>
			<xmax>358</xmax>
			<ymin>26</ymin>
			<ymax>386</ymax>
		</bndbox>
	</object>
</annotation>
