<annotation>
	<folder></folder>
	<filename>CC_472064471_26259_png.rf.5743f810051daf26054f8e6f699e0efa.jpg</filename>
	<path>CC_472064471_26259_png.rf.5743f810051daf26054f8e6f699e0efa.jpg</path>
	<source>
		<database>roboflow.ai</database>
	</source>
	<size>
		<width>416</width>
		<height>416</height>
		<depth>3</depth>
	</size>
	<segmented>0</segmented>
	<object>
		<name>mammogram</name>
		<pose>Unspecified</pose>
		<truncated>0</truncated>
		<difficult>0</difficult>
		<occluded>0</occluded>
		<bndbox>
			<xmin>1</xmin>
			<xmax>247</xmax>
			<ymin>1</ymin>
			<ymax>386</ymax>
		</bndbox>
	</object>
</annotation>
