<annotation>
	<folder></folder>
	<filename>CC_4328_0609DDSM_png.rf.ee6f39ee68456e572e2194dd2625413c.jpg</filename>
	<path>CC_4328_0609DDSM_png.rf.ee6f39ee68456e572e2194dd2625413c.jpg</path>
	<source>
		<database>roboflow.ai</database>
	</source>
	<size>
		<width>416</width>
		<height>416</height>
		<depth>3</depth>
	</size>
	<segmented>0</segmented>
	<object>
		<name>mammogram</name>
		<pose>Unspecified</pose>
		<truncated>0</truncated>
		<difficult>0</difficult>
		<occluded>0</occluded>
		<bndbox>
			<xmin>104</xmin>
			<xmax>417</xmax>
			<ymin>56</ymin>
			<ymax>373</ymax>
		</bndbox>
	</object>
</annotation>
