<annotation>
	<folder></folder>
	<filename>CC_463286601_60952_png.rf.dbee227917540d3619b0edccad468c0e.jpg</filename>
	<path>CC_463286601_60952_png.rf.dbee227917540d3619b0edccad468c0e.jpg</path>
	<source>
		<database>roboflow.ai</database>
	</source>
	<size>
		<width>416</width>
		<height>416</height>
		<depth>3</depth>
	</size>
	<segmented>0</segmented>
	<object>
		<name>mammogram</name>
		<pose>Unspecified</pose>
		<truncated>0</truncated>
		<difficult>0</difficult>
		<occluded>0</occluded>
		<bndbox>
			<xmin>116</xmin>
			<xmax>417</xmax>
			<ymin>1</ymin>
			<ymax>401</ymax>
		</bndbox>
	</object>
</annotation>
