<annotation>
	<folder></folder>
	<filename>CC_4518_1988DDSM_png.rf.0b88333e3f4babd81a5fdaf56caaa95b.jpg</filename>
	<path>CC_4518_1988DDSM_png.rf.0b88333e3f4babd81a5fdaf56caaa95b.jpg</path>
	<source>
		<database>roboflow.ai</database>
	</source>
	<size>
		<width>416</width>
		<height>416</height>
		<depth>3</depth>
	</size>
	<segmented>0</segmented>
	<object>
		<name>mammogram</name>
		<pose>Unspecified</pose>
		<truncated>0</truncated>
		<difficult>0</difficult>
		<occluded>0</occluded>
		<bndbox>
			<xmin>1</xmin>
			<xmax>301</xmax>
			<ymin>48</ymin>
			<ymax>369</ymax>
		</bndbox>
	</object>
</annotation>
