<annotation>
	<folder></folder>
	<filename>CC_4198_0570DDSM_png.rf.ba9b97cf6f02e76a920e93618ccaabde.jpg</filename>
	<path>CC_4198_0570DDSM_png.rf.ba9b97cf6f02e76a920e93618ccaabde.jpg</path>
	<source>
		<database>roboflow.ai</database>
	</source>
	<size>
		<width>416</width>
		<height>416</height>
		<depth>3</depth>
	</size>
	<segmented>0</segmented>
	<object>
		<name>mammogram</name>
		<pose>Unspecified</pose>
		<truncated>0</truncated>
		<difficult>0</difficult>
		<occluded>0</occluded>
		<bndbox>
			<xmin>8</xmin>
			<xmax>308</xmax>
			<ymin>44</ymin>
			<ymax>377</ymax>
		</bndbox>
	</object>
</annotation>
