<annotation>
	<folder></folder>
	<filename>CC_4878_4544DDSM_png.rf.e61e6f2d250c0d1849b3088f3b1ea4b8.jpg</filename>
	<path>CC_4878_4544DDSM_png.rf.e61e6f2d250c0d1849b3088f3b1ea4b8.jpg</path>
	<source>
		<database>roboflow.ai</database>
	</source>
	<size>
		<width>416</width>
		<height>416</height>
		<depth>3</depth>
	</size>
	<segmented>0</segmented>
	<object>
		<name>mammogram</name>
		<pose>Unspecified</pose>
		<truncated>0</truncated>
		<difficult>0</difficult>
		<occluded>0</occluded>
		<bndbox>
			<xmin>8</xmin>
			<xmax>330</xmax>
			<ymin>8</ymin>
			<ymax>394</ymax>
		</bndbox>
	</object>
</annotation>
