<annotation>
	<folder></folder>
	<filename>CC_4646_2024DDSM_png.rf.4f3a0445f3858aa6865b0e62d8d61ab8.jpg</filename>
	<path>CC_4646_2024DDSM_png.rf.4f3a0445f3858aa6865b0e62d8d61ab8.jpg</path>
	<source>
		<database>roboflow.ai</database>
	</source>
	<size>
		<width>416</width>
		<height>416</height>
		<depth>3</depth>
	</size>
	<segmented>0</segmented>
	<object>
		<name>mammogram</name>
		<pose>Unspecified</pose>
		<truncated>0</truncated>
		<difficult>0</difficult>
		<occluded>0</occluded>
		<bndbox>
			<xmin>6</xmin>
			<xmax>335</xmax>
			<ymin>52</ymin>
			<ymax>367</ymax>
		</bndbox>
	</object>
</annotation>
