<annotation>
	<folder></folder>
	<filename>CC_472_0131DDSM_png.rf.6ab08317a51406e63416bc86440bc401.jpg</filename>
	<path>CC_472_0131DDSM_png.rf.6ab08317a51406e63416bc86440bc401.jpg</path>
	<source>
		<database>roboflow.ai</database>
	</source>
	<size>
		<width>416</width>
		<height>416</height>
		<depth>3</depth>
	</size>
	<segmented>0</segmented>
	<object>
		<name>mammogram</name>
		<pose>Unspecified</pose>
		<truncated>0</truncated>
		<difficult>0</difficult>
		<occluded>0</occluded>
		<bndbox>
			<xmin>1</xmin>
			<xmax>397</xmax>
			<ymin>13</ymin>
			<ymax>396</ymax>
		</bndbox>
	</object>
</annotation>
