<annotation>
	<folder></folder>
	<filename>CC_440800332_7463_png.rf.2885ec53e0812ac16dc32e16fb132deb.jpg</filename>
	<path>CC_440800332_7463_png.rf.2885ec53e0812ac16dc32e16fb132deb.jpg</path>
	<source>
		<database>roboflow.ai</database>
	</source>
	<size>
		<width>416</width>
		<height>416</height>
		<depth>3</depth>
	</size>
	<segmented>0</segmented>
	<object>
		<name>mammogram</name>
		<pose>Unspecified</pose>
		<truncated>0</truncated>
		<difficult>0</difficult>
		<occluded>0</occluded>
		<bndbox>
			<xmin>1</xmin>
			<xmax>308</xmax>
			<ymin>22</ymin>
			<ymax>410</ymax>
		</bndbox>
	</object>
</annotation>
