<annotation>
	<folder></folder>
	<filename>CC_474938164_65495_png.rf.79c9f2f2d368b50aa6fe79f9d555580c.jpg</filename>
	<path>CC_474938164_65495_png.rf.79c9f2f2d368b50aa6fe79f9d555580c.jpg</path>
	<source>
		<database>roboflow.ai</database>
	</source>
	<size>
		<width>416</width>
		<height>416</height>
		<depth>3</depth>
	</size>
	<segmented>0</segmented>
	<object>
		<name>mammogram</name>
		<pose>Unspecified</pose>
		<truncated>0</truncated>
		<difficult>0</difficult>
		<occluded>0</occluded>
		<bndbox>
			<xmin>127</xmin>
			<xmax>417</xmax>
			<ymin>28</ymin>
			<ymax>389</ymax>
		</bndbox>
	</object>
</annotation>
