<annotation>
	<folder></folder>
	<filename>CC_432234319_62228_png.rf.3b2008d0dc072d4624f10190fc9c441d.jpg</filename>
	<path>CC_432234319_62228_png.rf.3b2008d0dc072d4624f10190fc9c441d.jpg</path>
	<source>
		<database>roboflow.ai</database>
	</source>
	<size>
		<width>416</width>
		<height>416</height>
		<depth>3</depth>
	</size>
	<segmented>0</segmented>
	<object>
		<name>mammogram</name>
		<pose>Unspecified</pose>
		<truncated>0</truncated>
		<difficult>0</difficult>
		<occluded>0</occluded>
		<bndbox>
			<xmin>1</xmin>
			<xmax>180</xmax>
			<ymin>9</ymin>
			<ymax>392</ymax>
		</bndbox>
	</object>
</annotation>
