<annotation>
	<folder></folder>
	<filename>CC_4258_0588DDSM_png.rf.d9f328224d5b0858d0c0be0c89e3f8c0.jpg</filename>
	<path>CC_4258_0588DDSM_png.rf.d9f328224d5b0858d0c0be0c89e3f8c0.jpg</path>
	<source>
		<database>roboflow.ai</database>
	</source>
	<size>
		<width>416</width>
		<height>416</height>
		<depth>3</depth>
	</size>
	<segmented>0</segmented>
	<object>
		<name>mammogram</name>
		<pose>Unspecified</pose>
		<truncated>0</truncated>
		<difficult>0</difficult>
		<occluded>0</occluded>
		<bndbox>
			<xmin>1</xmin>
			<xmax>337</xmax>
			<ymin>30</ymin>
			<ymax>394</ymax>
		</bndbox>
	</object>
</annotation>
