<annotation>
	<folder></folder>
	<filename>CC_4324_0608DDSM_png.rf.7fe41bccc521621382ac00ffcee37486.jpg</filename>
	<path>CC_4324_0608DDSM_png.rf.7fe41bccc521621382ac00ffcee37486.jpg</path>
	<source>
		<database>roboflow.ai</database>
	</source>
	<size>
		<width>416</width>
		<height>416</height>
		<depth>3</depth>
	</size>
	<segmented>0</segmented>
	<object>
		<name>mammogram</name>
		<pose>Unspecified</pose>
		<truncated>0</truncated>
		<difficult>0</difficult>
		<occluded>0</occluded>
		<bndbox>
			<xmin>107</xmin>
			<xmax>417</xmax>
			<ymin>27</ymin>
			<ymax>366</ymax>
		</bndbox>
	</object>
</annotation>
