<annotation>
	<folder></folder>
	<filename>CC_4520_1989DDSM_png.rf.a3097e1a65cdc556bb0baf90d7889f3a.jpg</filename>
	<path>CC_4520_1989DDSM_png.rf.a3097e1a65cdc556bb0baf90d7889f3a.jpg</path>
	<source>
		<database>roboflow.ai</database>
	</source>
	<size>
		<width>416</width>
		<height>416</height>
		<depth>3</depth>
	</size>
	<segmented>0</segmented>
	<object>
		<name>mammogram</name>
		<pose>Unspecified</pose>
		<truncated>0</truncated>
		<difficult>0</difficult>
		<occluded>0</occluded>
		<bndbox>
			<xmin>132</xmin>
			<xmax>408</xmax>
			<ymin>86</ymin>
			<ymax>373</ymax>
		</bndbox>
	</object>
</annotation>
