<annotation>
	<folder></folder>
	<filename>CC_4180_0566DDSM_png.rf.9ffd4c253e31783adbdae876e6a6a157.jpg</filename>
	<path>CC_4180_0566DDSM_png.rf.9ffd4c253e31783adbdae876e6a6a157.jpg</path>
	<source>
		<database>roboflow.ai</database>
	</source>
	<size>
		<width>416</width>
		<height>416</height>
		<depth>3</depth>
	</size>
	<segmented>0</segmented>
	<object>
		<name>mammogram</name>
		<pose>Unspecified</pose>
		<truncated>0</truncated>
		<difficult>0</difficult>
		<occluded>0</occluded>
		<bndbox>
			<xmin>114</xmin>
			<xmax>417</xmax>
			<ymin>15</ymin>
			<ymax>388</ymax>
		</bndbox>
	</object>
</annotation>
