<annotation>
	<folder></folder>
	<filename>CC_4752_4511DDSM_png.rf.3b3f06981d9e95648753d5a5c0af18c4.jpg</filename>
	<path>CC_4752_4511DDSM_png.rf.3b3f06981d9e95648753d5a5c0af18c4.jpg</path>
	<source>
		<database>roboflow.ai</database>
	</source>
	<size>
		<width>416</width>
		<height>416</height>
		<depth>3</depth>
	</size>
	<segmented>0</segmented>
	<object>
		<name>mammogram</name>
		<pose>Unspecified</pose>
		<truncated>0</truncated>
		<difficult>0</difficult>
		<occluded>0</occluded>
		<bndbox>
			<xmin>84</xmin>
			<xmax>417</xmax>
			<ymin>9</ymin>
			<ymax>396</ymax>
		</bndbox>
	</object>
</annotation>
