<annotation>
	<folder></folder>
	<filename>CC_4398_0706DDSM_png.rf.7a94f7f2fc5e72705a0437282da12e65.jpg</filename>
	<path>CC_4398_0706DDSM_png.rf.7a94f7f2fc5e72705a0437282da12e65.jpg</path>
	<source>
		<database>roboflow.ai</database>
	</source>
	<size>
		<width>416</width>
		<height>416</height>
		<depth>3</depth>
	</size>
	<segmented>0</segmented>
	<object>
		<name>mammogram</name>
		<pose>Unspecified</pose>
		<truncated>0</truncated>
		<difficult>0</difficult>
		<occluded>0</occluded>
		<bndbox>
			<xmin>1</xmin>
			<xmax>360</xmax>
			<ymin>34</ymin>
			<ymax>376</ymax>
		</bndbox>
	</object>
</annotation>
