<annotation>
	<folder></folder>
	<filename>CC_447687980_28811_png.rf.13da6195a7b0d2803d8c0e7fbfb057ad.jpg</filename>
	<path>CC_447687980_28811_png.rf.13da6195a7b0d2803d8c0e7fbfb057ad.jpg</path>
	<source>
		<database>roboflow.ai</database>
	</source>
	<size>
		<width>416</width>
		<height>416</height>
		<depth>3</depth>
	</size>
	<segmented>0</segmented>
	<object>
		<name>mammogram</name>
		<pose>Unspecified</pose>
		<truncated>0</truncated>
		<difficult>0</difficult>
		<occluded>0</occluded>
		<bndbox>
			<xmin>1</xmin>
			<xmax>329</xmax>
			<ymin>56</ymin>
			<ymax>359</ymax>
		</bndbox>
	</object>
</annotation>
