<annotation>
	<folder></folder>
	<filename>CC_4696_2038DDSM_png.rf.30e8a97d1a30c3cd5ec93778c292c2d8.jpg</filename>
	<path>CC_4696_2038DDSM_png.rf.30e8a97d1a30c3cd5ec93778c292c2d8.jpg</path>
	<source>
		<database>roboflow.ai</database>
	</source>
	<size>
		<width>416</width>
		<height>416</height>
		<depth>3</depth>
	</size>
	<segmented>0</segmented>
	<object>
		<name>mammogram</name>
		<pose>Unspecified</pose>
		<truncated>0</truncated>
		<difficult>0</difficult>
		<occluded>0</occluded>
		<bndbox>
			<xmin>78</xmin>
			<xmax>414</xmax>
			<ymin>45</ymin>
			<ymax>368</ymax>
		</bndbox>
	</object>
</annotation>
