<annotation>
	<folder></folder>
	<filename>CC_4334_0610DDSM_png.rf.4160f1b8bf09f4227781bc082bcbbb30.jpg</filename>
	<path>CC_4334_0610DDSM_png.rf.4160f1b8bf09f4227781bc082bcbbb30.jpg</path>
	<source>
		<database>roboflow.ai</database>
	</source>
	<size>
		<width>416</width>
		<height>416</height>
		<depth>3</depth>
	</size>
	<segmented>0</segmented>
	<object>
		<name>mammogram</name>
		<pose>Unspecified</pose>
		<truncated>0</truncated>
		<difficult>0</difficult>
		<occluded>0</occluded>
		<bndbox>
			<xmin>4</xmin>
			<xmax>338</xmax>
			<ymin>30</ymin>
			<ymax>415</ymax>
		</bndbox>
	</object>
</annotation>
