<annotation>
	<folder></folder>
	<filename>CC_4248_0586DDSM_png.rf.1d8f4185373665942805ebdbc28adb7b.jpg</filename>
	<path>CC_4248_0586DDSM_png.rf.1d8f4185373665942805ebdbc28adb7b.jpg</path>
	<source>
		<database>roboflow.ai</database>
	</source>
	<size>
		<width>416</width>
		<height>416</height>
		<depth>3</depth>
	</size>
	<segmented>0</segmented>
	<object>
		<name>mammogram</name>
		<pose>Unspecified</pose>
		<truncated>0</truncated>
		<difficult>0</difficult>
		<occluded>0</occluded>
		<bndbox>
			<xmin>125</xmin>
			<xmax>417</xmax>
			<ymin>23</ymin>
			<ymax>392</ymax>
		</bndbox>
	</object>
</annotation>
