<annotation>
	<folder></folder>
	<filename>CC_4370_0620DDSM_png.rf.6c87b7b798ecea66979c3ee2889247d7.jpg</filename>
	<path>CC_4370_0620DDSM_png.rf.6c87b7b798ecea66979c3ee2889247d7.jpg</path>
	<source>
		<database>roboflow.ai</database>
	</source>
	<size>
		<width>416</width>
		<height>416</height>
		<depth>3</depth>
	</size>
	<segmented>0</segmented>
	<object>
		<name>mammogram</name>
		<pose>Unspecified</pose>
		<truncated>0</truncated>
		<difficult>0</difficult>
		<occluded>0</occluded>
		<bndbox>
			<xmin>1</xmin>
			<xmax>338</xmax>
			<ymin>28</ymin>
			<ymax>397</ymax>
		</bndbox>
	</object>
</annotation>
