<annotation>
	<folder></folder>
	<filename>CC_4052_0503DDSM_png.rf.b395bc5a1007a1da337d3e8f72fec2d8.jpg</filename>
	<path>CC_4052_0503DDSM_png.rf.b395bc5a1007a1da337d3e8f72fec2d8.jpg</path>
	<source>
		<database>roboflow.ai</database>
	</source>
	<size>
		<width>416</width>
		<height>416</height>
		<depth>3</depth>
	</size>
	<segmented>0</segmented>
	<object>
		<name>mammogram</name>
		<pose>Unspecified</pose>
		<truncated>0</truncated>
		<difficult>0</difficult>
		<occluded>0</occluded>
		<bndbox>
			<xmin>54</xmin>
			<xmax>417</xmax>
			<ymin>35</ymin>
			<ymax>385</ymax>
		</bndbox>
	</object>
</annotation>
