<annotation>
	<folder></folder>
	<filename>CC_4680_2034DDSM_png.rf.cdd5090780002f26eaf97047d4206a8e.jpg</filename>
	<path>CC_4680_2034DDSM_png.rf.cdd5090780002f26eaf97047d4206a8e.jpg</path>
	<source>
		<database>roboflow.ai</database>
	</source>
	<size>
		<width>416</width>
		<height>416</height>
		<depth>3</depth>
	</size>
	<segmented>0</segmented>
	<object>
		<name>mammogram</name>
		<pose>Unspecified</pose>
		<truncated>0</truncated>
		<difficult>0</difficult>
		<occluded>0</occluded>
		<bndbox>
			<xmin>115</xmin>
			<xmax>409</xmax>
			<ymin>48</ymin>
			<ymax>376</ymax>
		</bndbox>
	</object>
</annotation>
