<annotation>
	<folder></folder>
	<filename>CC_4466_1968DDSM_png.rf.36b66d2c440e9f27ea3a6ddd3bf0c060.jpg</filename>
	<path>CC_4466_1968DDSM_png.rf.36b66d2c440e9f27ea3a6ddd3bf0c060.jpg</path>
	<source>
		<database>roboflow.ai</database>
	</source>
	<size>
		<width>416</width>
		<height>416</height>
		<depth>3</depth>
	</size>
	<segmented>0</segmented>
	<object>
		<name>mammogram</name>
		<pose>Unspecified</pose>
		<truncated>0</truncated>
		<difficult>0</difficult>
		<occluded>0</occluded>
		<bndbox>
			<xmin>11</xmin>
			<xmax>390</xmax>
			<ymin>41</ymin>
			<ymax>394</ymax>
		</bndbox>
	</object>
</annotation>
