<annotation>
	<folder></folder>
	<filename>CC_4894_4548DDSM_png.rf.5fb672aef92957ca3c5fd10eeb760897.jpg</filename>
	<path>CC_4894_4548DDSM_png.rf.5fb672aef92957ca3c5fd10eeb760897.jpg</path>
	<source>
		<database>roboflow.ai</database>
	</source>
	<size>
		<width>416</width>
		<height>416</height>
		<depth>3</depth>
	</size>
	<segmented>0</segmented>
	<object>
		<name>mammogram</name>
		<pose>Unspecified</pose>
		<truncated>0</truncated>
		<difficult>0</difficult>
		<occluded>0</occluded>
		<bndbox>
			<xmin>168</xmin>
			<xmax>417</xmax>
			<ymin>54</ymin>
			<ymax>368</ymax>
		</bndbox>
	</object>
</annotation>
