<annotation>
	<folder></folder>
	<filename>CC_4172_0543DDSM_png.rf.c9d3292c065aa325f470e82112fb8457.jpg</filename>
	<path>CC_4172_0543DDSM_png.rf.c9d3292c065aa325f470e82112fb8457.jpg</path>
	<source>
		<database>roboflow.ai</database>
	</source>
	<size>
		<width>416</width>
		<height>416</height>
		<depth>3</depth>
	</size>
	<segmented>0</segmented>
	<object>
		<name>mammogram</name>
		<pose>Unspecified</pose>
		<truncated>0</truncated>
		<difficult>0</difficult>
		<occluded>0</occluded>
		<bndbox>
			<xmin>69</xmin>
			<xmax>411</xmax>
			<ymin>12</ymin>
			<ymax>384</ymax>
		</bndbox>
	</object>
</annotation>
