<annotation>
	<folder></folder>
	<filename>CC_4750_4510DDSM_png.rf.cbeb2b48831c557a78b7e949179192b4.jpg</filename>
	<path>CC_4750_4510DDSM_png.rf.cbeb2b48831c557a78b7e949179192b4.jpg</path>
	<source>
		<database>roboflow.ai</database>
	</source>
	<size>
		<width>416</width>
		<height>416</height>
		<depth>3</depth>
	</size>
	<segmented>0</segmented>
	<object>
		<name>mammogram</name>
		<pose>Unspecified</pose>
		<truncated>0</truncated>
		<difficult>0</difficult>
		<occluded>0</occluded>
		<bndbox>
			<xmin>1</xmin>
			<xmax>361</xmax>
			<ymin>21</ymin>
			<ymax>402</ymax>
		</bndbox>
	</object>
</annotation>
