<annotation>
	<folder></folder>
	<filename>CC_4442_1962DDSM_png.rf.b7d40f360ee9768d0cfe17c7ca835ae8.jpg</filename>
	<path>CC_4442_1962DDSM_png.rf.b7d40f360ee9768d0cfe17c7ca835ae8.jpg</path>
	<source>
		<database>roboflow.ai</database>
	</source>
	<size>
		<width>416</width>
		<height>416</height>
		<depth>3</depth>
	</size>
	<segmented>0</segmented>
	<object>
		<name>mammogram</name>
		<pose>Unspecified</pose>
		<truncated>0</truncated>
		<difficult>0</difficult>
		<occluded>0</occluded>
		<bndbox>
			<xmin>6</xmin>
			<xmax>322</xmax>
			<ymin>43</ymin>
			<ymax>362</ymax>
		</bndbox>
	</object>
</annotation>
