<annotation>
	<folder></folder>
	<filename>CC_496_0137DDSM_png.rf.a9f5bd5d630050db1b1712240dcd2c82.jpg</filename>
	<path>CC_496_0137DDSM_png.rf.a9f5bd5d630050db1b1712240dcd2c82.jpg</path>
	<source>
		<database>roboflow.ai</database>
	</source>
	<size>
		<width>416</width>
		<height>416</height>
		<depth>3</depth>
	</size>
	<segmented>0</segmented>
	<object>
		<name>mammogram</name>
		<pose>Unspecified</pose>
		<truncated>0</truncated>
		<difficult>0</difficult>
		<occluded>0</occluded>
		<bndbox>
			<xmin>1</xmin>
			<xmax>319</xmax>
			<ymin>16</ymin>
			<ymax>394</ymax>
		</bndbox>
	</object>
</annotation>
