<annotation>
	<folder></folder>
	<filename>CC_4006_0490DDSM_png.rf.d5dad691a7fcaf02f24610422927edd2.jpg</filename>
	<path>CC_4006_0490DDSM_png.rf.d5dad691a7fcaf02f24610422927edd2.jpg</path>
	<source>
		<database>roboflow.ai</database>
	</source>
	<size>
		<width>416</width>
		<height>416</height>
		<depth>3</depth>
	</size>
	<segmented>0</segmented>
	<object>
		<name>mammogram</name>
		<pose>Unspecified</pose>
		<truncated>0</truncated>
		<difficult>0</difficult>
		<occluded>0</occluded>
		<bndbox>
			<xmin>1</xmin>
			<xmax>330</xmax>
			<ymin>24</ymin>
			<ymax>378</ymax>
		</bndbox>
	</object>
</annotation>
