<annotation>
	<folder></folder>
	<filename>CC_477391721_49313_png.rf.5f2b32fa6cdd85fe2372ed729a949d48.jpg</filename>
	<path>CC_477391721_49313_png.rf.5f2b32fa6cdd85fe2372ed729a949d48.jpg</path>
	<source>
		<database>roboflow.ai</database>
	</source>
	<size>
		<width>416</width>
		<height>416</height>
		<depth>3</depth>
	</size>
	<segmented>0</segmented>
	<object>
		<name>mammogram</name>
		<pose>Unspecified</pose>
		<truncated>0</truncated>
		<difficult>0</difficult>
		<occluded>0</occluded>
		<bndbox>
			<xmin>114</xmin>
			<xmax>417</xmax>
			<ymin>55</ymin>
			<ymax>417</ymax>
		</bndbox>
	</object>
</annotation>
