<annotation>
	<folder></folder>
	<filename>CC_420829283_10940_png.rf.64f0689573a5f41eb2f0d0adb44a19b6.jpg</filename>
	<path>CC_420829283_10940_png.rf.64f0689573a5f41eb2f0d0adb44a19b6.jpg</path>
	<source>
		<database>roboflow.ai</database>
	</source>
	<size>
		<width>416</width>
		<height>416</height>
		<depth>3</depth>
	</size>
	<segmented>0</segmented>
	<object>
		<name>mammogram</name>
		<pose>Unspecified</pose>
		<truncated>0</truncated>
		<difficult>0</difficult>
		<occluded>0</occluded>
		<bndbox>
			<xmin>194</xmin>
			<xmax>417</xmax>
			<ymin>20</ymin>
			<ymax>368</ymax>
		</bndbox>
	</object>
</annotation>
