<annotation>
	<folder></folder>
	<filename>CC_4002_0484DDSM_png.rf.d49756667bd1626ef192cd33d2794652.jpg</filename>
	<path>CC_4002_0484DDSM_png.rf.d49756667bd1626ef192cd33d2794652.jpg</path>
	<source>
		<database>roboflow.ai</database>
	</source>
	<size>
		<width>416</width>
		<height>416</height>
		<depth>3</depth>
	</size>
	<segmented>0</segmented>
	<object>
		<name>mammogram</name>
		<pose>Unspecified</pose>
		<truncated>0</truncated>
		<difficult>0</difficult>
		<occluded>0</occluded>
		<bndbox>
			<xmin>7</xmin>
			<xmax>367</xmax>
			<ymin>36</ymin>
			<ymax>386</ymax>
		</bndbox>
	</object>
</annotation>
