<annotation>
	<folder></folder>
	<filename>CC_4808_4525DDSM_png.rf.fed5c8b415835ecc17bd8956172e1e14.jpg</filename>
	<path>CC_4808_4525DDSM_png.rf.fed5c8b415835ecc17bd8956172e1e14.jpg</path>
	<source>
		<database>roboflow.ai</database>
	</source>
	<size>
		<width>416</width>
		<height>416</height>
		<depth>3</depth>
	</size>
	<segmented>0</segmented>
	<object>
		<name>mammogram</name>
		<pose>Unspecified</pose>
		<truncated>0</truncated>
		<difficult>0</difficult>
		<occluded>0</occluded>
		<bndbox>
			<xmin>120</xmin>
			<xmax>417</xmax>
			<ymin>41</ymin>
			<ymax>369</ymax>
		</bndbox>
	</object>
</annotation>
