<annotation>
	<folder></folder>
	<filename>CC_428_0119DDSM_png.rf.57d0f6344c590b7528611db2a369f556.jpg</filename>
	<path>CC_428_0119DDSM_png.rf.57d0f6344c590b7528611db2a369f556.jpg</path>
	<source>
		<database>roboflow.ai</database>
	</source>
	<size>
		<width>416</width>
		<height>416</height>
		<depth>3</depth>
	</size>
	<segmented>0</segmented>
	<object>
		<name>mammogram</name>
		<pose>Unspecified</pose>
		<truncated>0</truncated>
		<difficult>0</difficult>
		<occluded>0</occluded>
		<bndbox>
			<xmin>1</xmin>
			<xmax>408</xmax>
			<ymin>43</ymin>
			<ymax>358</ymax>
		</bndbox>
	</object>
</annotation>
