<annotation>
	<folder></folder>
	<filename>CC_4906_4551DDSM_png.rf.0c062af4504f6a787bba4d9ad281ff62.jpg</filename>
	<path>CC_4906_4551DDSM_png.rf.0c062af4504f6a787bba4d9ad281ff62.jpg</path>
	<source>
		<database>roboflow.ai</database>
	</source>
	<size>
		<width>416</width>
		<height>416</height>
		<depth>3</depth>
	</size>
	<segmented>0</segmented>
	<object>
		<name>mammogram</name>
		<pose>Unspecified</pose>
		<truncated>0</truncated>
		<difficult>0</difficult>
		<occluded>0</occluded>
		<bndbox>
			<xmin>6</xmin>
			<xmax>313</xmax>
			<ymin>18</ymin>
			<ymax>372</ymax>
		</bndbox>
	</object>
</annotation>
