<annotation>
	<folder></folder>
	<filename>CC_4182_0566DDSM_png.rf.5a7a7e9ca165563ff5a1a85333578119.jpg</filename>
	<path>CC_4182_0566DDSM_png.rf.5a7a7e9ca165563ff5a1a85333578119.jpg</path>
	<source>
		<database>roboflow.ai</database>
	</source>
	<size>
		<width>416</width>
		<height>416</height>
		<depth>3</depth>
	</size>
	<segmented>0</segmented>
	<object>
		<name>mammogram</name>
		<pose>Unspecified</pose>
		<truncated>0</truncated>
		<difficult>0</difficult>
		<occluded>0</occluded>
		<bndbox>
			<xmin>1</xmin>
			<xmax>323</xmax>
			<ymin>37</ymin>
			<ymax>378</ymax>
		</bndbox>
	</object>
</annotation>
