<annotation>
	<folder></folder>
	<filename>CC_474211829_50078_png.rf.f7c2420475cecdd5b1487e0c3d40548f.jpg</filename>
	<path>CC_474211829_50078_png.rf.f7c2420475cecdd5b1487e0c3d40548f.jpg</path>
	<source>
		<database>roboflow.ai</database>
	</source>
	<size>
		<width>416</width>
		<height>416</height>
		<depth>3</depth>
	</size>
	<segmented>0</segmented>
	<object>
		<name>mammogram</name>
		<pose>Unspecified</pose>
		<truncated>0</truncated>
		<difficult>0</difficult>
		<occluded>0</occluded>
		<bndbox>
			<xmin>1</xmin>
			<xmax>308</xmax>
			<ymin>34</ymin>
			<ymax>386</ymax>
		</bndbox>
	</object>
</annotation>
