<annotation>
	<folder></folder>
	<filename>CC_4298_0601DDSM_png.rf.64eaf765b812c23e6679a16a3ccb4274.jpg</filename>
	<path>CC_4298_0601DDSM_png.rf.64eaf765b812c23e6679a16a3ccb4274.jpg</path>
	<source>
		<database>roboflow.ai</database>
	</source>
	<size>
		<width>416</width>
		<height>416</height>
		<depth>3</depth>
	</size>
	<segmented>0</segmented>
	<object>
		<name>mammogram</name>
		<pose>Unspecified</pose>
		<truncated>0</truncated>
		<difficult>0</difficult>
		<occluded>0</occluded>
		<bndbox>
			<xmin>8</xmin>
			<xmax>333</xmax>
			<ymin>18</ymin>
			<ymax>409</ymax>
		</bndbox>
	</object>
</annotation>
