<annotation>
	<folder></folder>
	<filename>CC_4760_4513DDSM_png.rf.2e6d39ab4fb3695c8c976062d81bb99f.jpg</filename>
	<path>CC_4760_4513DDSM_png.rf.2e6d39ab4fb3695c8c976062d81bb99f.jpg</path>
	<source>
		<database>roboflow.ai</database>
	</source>
	<size>
		<width>416</width>
		<height>416</height>
		<depth>3</depth>
	</size>
	<segmented>0</segmented>
	<object>
		<name>mammogram</name>
		<pose>Unspecified</pose>
		<truncated>0</truncated>
		<difficult>0</difficult>
		<occluded>0</occluded>
		<bndbox>
			<xmin>183</xmin>
			<xmax>417</xmax>
			<ymin>71</ymin>
			<ymax>351</ymax>
		</bndbox>
	</object>
</annotation>
