<annotation>
	<folder></folder>
	<filename>CC_4318_0606DDSM_png.rf.f5eee2fbfa93ea41900d370f4e467dd3.jpg</filename>
	<path>CC_4318_0606DDSM_png.rf.f5eee2fbfa93ea41900d370f4e467dd3.jpg</path>
	<source>
		<database>roboflow.ai</database>
	</source>
	<size>
		<width>416</width>
		<height>416</height>
		<depth>3</depth>
	</size>
	<segmented>0</segmented>
	<object>
		<name>mammogram</name>
		<pose>Unspecified</pose>
		<truncated>0</truncated>
		<difficult>0</difficult>
		<occluded>0</occluded>
		<bndbox>
			<xmin>7</xmin>
			<xmax>309</xmax>
			<ymin>39</ymin>
			<ymax>367</ymax>
		</bndbox>
	</object>
</annotation>
