<annotation>
	<folder></folder>
	<filename>CC_4952_4563DDSM_png.rf.1a6415ed6d51715f1598ddd1da9099eb.jpg</filename>
	<path>CC_4952_4563DDSM_png.rf.1a6415ed6d51715f1598ddd1da9099eb.jpg</path>
	<source>
		<database>roboflow.ai</database>
	</source>
	<size>
		<width>416</width>
		<height>416</height>
		<depth>3</depth>
	</size>
	<segmented>0</segmented>
	<object>
		<name>mammogram</name>
		<pose>Unspecified</pose>
		<truncated>0</truncated>
		<difficult>0</difficult>
		<occluded>0</occluded>
		<bndbox>
			<xmin>115</xmin>
			<xmax>417</xmax>
			<ymin>28</ymin>
			<ymax>367</ymax>
		</bndbox>
	</object>
</annotation>
