<annotation>
	<folder></folder>
	<filename>CC_404195349_1703_png.rf.a76f2a476030c90853f903c568f7e84e.jpg</filename>
	<path>CC_404195349_1703_png.rf.a76f2a476030c90853f903c568f7e84e.jpg</path>
	<source>
		<database>roboflow.ai</database>
	</source>
	<size>
		<width>416</width>
		<height>416</height>
		<depth>3</depth>
	</size>
	<segmented>0</segmented>
	<object>
		<name>mammogram</name>
		<pose>Unspecified</pose>
		<truncated>0</truncated>
		<difficult>0</difficult>
		<occluded>0</occluded>
		<bndbox>
			<xmin>178</xmin>
			<xmax>417</xmax>
			<ymin>44</ymin>
			<ymax>387</ymax>
		</bndbox>
	</object>
</annotation>
