<annotation>
	<folder></folder>
	<filename>CC_4502_1977DDSM_png.rf.a57b57f41a0d2e49930a493f262285f7.jpg</filename>
	<path>CC_4502_1977DDSM_png.rf.a57b57f41a0d2e49930a493f262285f7.jpg</path>
	<source>
		<database>roboflow.ai</database>
	</source>
	<size>
		<width>416</width>
		<height>416</height>
		<depth>3</depth>
	</size>
	<segmented>0</segmented>
	<object>
		<name>mammogram</name>
		<pose>Unspecified</pose>
		<truncated>0</truncated>
		<difficult>0</difficult>
		<occluded>0</occluded>
		<bndbox>
			<xmin>10</xmin>
			<xmax>313</xmax>
			<ymin>32</ymin>
			<ymax>366</ymax>
		</bndbox>
	</object>
</annotation>
