<annotation>
	<folder></folder>
	<filename>CC_466234609_2212_png.rf.9e5dc6ed8c0580062a295efd3657ad09.jpg</filename>
	<path>CC_466234609_2212_png.rf.9e5dc6ed8c0580062a295efd3657ad09.jpg</path>
	<source>
		<database>roboflow.ai</database>
	</source>
	<size>
		<width>416</width>
		<height>416</height>
		<depth>3</depth>
	</size>
	<segmented>0</segmented>
	<object>
		<name>mammogram</name>
		<pose>Unspecified</pose>
		<truncated>0</truncated>
		<difficult>0</difficult>
		<occluded>0</occluded>
		<bndbox>
			<xmin>247</xmin>
			<xmax>417</xmax>
			<ymin>14</ymin>
			<ymax>387</ymax>
		</bndbox>
	</object>
</annotation>
