<annotation>
	<folder></folder>
	<filename>CC_4818_4527DDSM_png.rf.186a739b4982d7edfcf98d9546dc21b5.jpg</filename>
	<path>CC_4818_4527DDSM_png.rf.186a739b4982d7edfcf98d9546dc21b5.jpg</path>
	<source>
		<database>roboflow.ai</database>
	</source>
	<size>
		<width>416</width>
		<height>416</height>
		<depth>3</depth>
	</size>
	<segmented>0</segmented>
	<object>
		<name>mammogram</name>
		<pose>Unspecified</pose>
		<truncated>0</truncated>
		<difficult>0</difficult>
		<occluded>0</occluded>
		<bndbox>
			<xmin>1</xmin>
			<xmax>307</xmax>
			<ymin>53</ymin>
			<ymax>367</ymax>
		</bndbox>
	</object>
</annotation>
