<annotation>
	<folder></folder>
	<filename>CC_523443845_6899_png.rf.e56f8b4ea03017d960283c6b80c71bba.jpg</filename>
	<path>CC_523443845_6899_png.rf.e56f8b4ea03017d960283c6b80c71bba.jpg</path>
	<source>
		<database>roboflow.ai</database>
	</source>
	<size>
		<width>416</width>
		<height>416</height>
		<depth>3</depth>
	</size>
	<segmented>0</segmented>
	<object>
		<name>mammogram</name>
		<pose>Unspecified</pose>
		<truncated>0</truncated>
		<difficult>0</difficult>
		<occluded>0</occluded>
		<bndbox>
			<xmin>217</xmin>
			<xmax>417</xmax>
			<ymin>44</ymin>
			<ymax>346</ymax>
		</bndbox>
	</object>
</annotation>
