<annotation>
	<folder></folder>
	<filename>CC_5038_4585DDSM_png.rf.e7309f0c6a84bd2cd16b96c98b9a3941.jpg</filename>
	<path>CC_5038_4585DDSM_png.rf.e7309f0c6a84bd2cd16b96c98b9a3941.jpg</path>
	<source>
		<database>roboflow.ai</database>
	</source>
	<size>
		<width>416</width>
		<height>416</height>
		<depth>3</depth>
	</size>
	<segmented>0</segmented>
	<object>
		<name>mammogram</name>
		<pose>Unspecified</pose>
		<truncated>0</truncated>
		<difficult>0</difficult>
		<occluded>0</occluded>
		<bndbox>
			<xmin>9</xmin>
			<xmax>320</xmax>
			<ymin>46</ymin>
			<ymax>361</ymax>
		</bndbox>
	</object>
</annotation>
