<annotation>
	<folder></folder>
	<filename>CC_5008_4578DDSM_png.rf.87a14e30ef7d0453528425c39c036db8.jpg</filename>
	<path>CC_5008_4578DDSM_png.rf.87a14e30ef7d0453528425c39c036db8.jpg</path>
	<source>
		<database>roboflow.ai</database>
	</source>
	<size>
		<width>416</width>
		<height>416</height>
		<depth>3</depth>
	</size>
	<segmented>0</segmented>
	<object>
		<name>mammogram</name>
		<pose>Unspecified</pose>
		<truncated>0</truncated>
		<difficult>0</difficult>
		<occluded>0</occluded>
		<bndbox>
			<xmin>91</xmin>
			<xmax>417</xmax>
			<ymin>46</ymin>
			<ymax>377</ymax>
		</bndbox>
	</object>
</annotation>
