<annotation>
	<folder></folder>
	<filename>CC_524_0144DDSM_png.rf.28cc713331e3fbf7a0084f1744f5c5f2.jpg</filename>
	<path>CC_524_0144DDSM_png.rf.28cc713331e3fbf7a0084f1744f5c5f2.jpg</path>
	<source>
		<database>roboflow.ai</database>
	</source>
	<size>
		<width>416</width>
		<height>416</height>
		<depth>3</depth>
	</size>
	<segmented>0</segmented>
	<object>
		<name>mammogram</name>
		<pose>Unspecified</pose>
		<truncated>0</truncated>
		<difficult>0</difficult>
		<occluded>0</occluded>
		<bndbox>
			<xmin>1</xmin>
			<xmax>257</xmax>
			<ymin>23</ymin>
			<ymax>364</ymax>
		</bndbox>
	</object>
</annotation>
