<annotation>
	<folder></folder>
	<filename>CC_597425588_43860_png.rf.b0bf983c702b585dbfe960a94b49bed3.jpg</filename>
	<path>CC_597425588_43860_png.rf.b0bf983c702b585dbfe960a94b49bed3.jpg</path>
	<source>
		<database>roboflow.ai</database>
	</source>
	<size>
		<width>416</width>
		<height>416</height>
		<depth>3</depth>
	</size>
	<segmented>0</segmented>
	<object>
		<name>mammogram</name>
		<pose>Unspecified</pose>
		<truncated>0</truncated>
		<difficult>0</difficult>
		<occluded>0</occluded>
		<bndbox>
			<xmin>245</xmin>
			<xmax>417</xmax>
			<ymin>11</ymin>
			<ymax>340</ymax>
		</bndbox>
	</object>
</annotation>
