<annotation>
	<folder></folder>
	<filename>CC_5060_4591DDSM_png.rf.d537faebb27a8b152fa5fc52a1845e45.jpg</filename>
	<path>CC_5060_4591DDSM_png.rf.d537faebb27a8b152fa5fc52a1845e45.jpg</path>
	<source>
		<database>roboflow.ai</database>
	</source>
	<size>
		<width>416</width>
		<height>416</height>
		<depth>3</depth>
	</size>
	<segmented>0</segmented>
	<object>
		<name>mammogram</name>
		<pose>Unspecified</pose>
		<truncated>0</truncated>
		<difficult>0</difficult>
		<occluded>0</occluded>
		<bndbox>
			<xmin>107</xmin>
			<xmax>417</xmax>
			<ymin>24</ymin>
			<ymax>388</ymax>
		</bndbox>
	</object>
</annotation>
