<annotation>
	<folder></folder>
	<filename>CC_5078_4597DDSM_png.rf.984415ecaf762d9369c1a22299c15075.jpg</filename>
	<path>CC_5078_4597DDSM_png.rf.984415ecaf762d9369c1a22299c15075.jpg</path>
	<source>
		<database>roboflow.ai</database>
	</source>
	<size>
		<width>416</width>
		<height>416</height>
		<depth>3</depth>
	</size>
	<segmented>0</segmented>
	<object>
		<name>mammogram</name>
		<pose>Unspecified</pose>
		<truncated>0</truncated>
		<difficult>0</difficult>
		<occluded>0</occluded>
		<bndbox>
			<xmin>117</xmin>
			<xmax>417</xmax>
			<ymin>31</ymin>
			<ymax>384</ymax>
		</bndbox>
	</object>
</annotation>
