<annotation>
	<folder></folder>
	<filename>CC_559780071_24572_png.rf.852141c5be00566f883028636b7c8a47.jpg</filename>
	<path>CC_559780071_24572_png.rf.852141c5be00566f883028636b7c8a47.jpg</path>
	<source>
		<database>roboflow.ai</database>
	</source>
	<size>
		<width>416</width>
		<height>416</height>
		<depth>3</depth>
	</size>
	<segmented>0</segmented>
	<object>
		<name>mammogram</name>
		<pose>Unspecified</pose>
		<truncated>0</truncated>
		<difficult>0</difficult>
		<occluded>0</occluded>
		<bndbox>
			<xmin>1</xmin>
			<xmax>249</xmax>
			<ymin>38</ymin>
			<ymax>387</ymax>
		</bndbox>
	</object>
</annotation>
