<annotation>
	<folder></folder>
	<filename>CC_562433892_34987_png.rf.2fe8fef05d805fbf56623c1c00a58fd7.jpg</filename>
	<path>CC_562433892_34987_png.rf.2fe8fef05d805fbf56623c1c00a58fd7.jpg</path>
	<source>
		<database>roboflow.ai</database>
	</source>
	<size>
		<width>416</width>
		<height>416</height>
		<depth>3</depth>
	</size>
	<segmented>0</segmented>
	<object>
		<name>mammogram</name>
		<pose>Unspecified</pose>
		<truncated>0</truncated>
		<difficult>0</difficult>
		<occluded>0</occluded>
		<bndbox>
			<xmin>1</xmin>
			<xmax>218</xmax>
			<ymin>40</ymin>
			<ymax>377</ymax>
		</bndbox>
	</object>
</annotation>
