<annotation>
	<folder></folder>
	<filename>CC_504_0139DDSM_png.rf.5988eaabcea01375731e5447b27089e2.jpg</filename>
	<path>CC_504_0139DDSM_png.rf.5988eaabcea01375731e5447b27089e2.jpg</path>
	<source>
		<database>roboflow.ai</database>
	</source>
	<size>
		<width>416</width>
		<height>416</height>
		<depth>3</depth>
	</size>
	<segmented>0</segmented>
	<object>
		<name>mammogram</name>
		<pose>Unspecified</pose>
		<truncated>0</truncated>
		<difficult>0</difficult>
		<occluded>0</occluded>
		<bndbox>
			<xmin>1</xmin>
			<xmax>239</xmax>
			<ymin>55</ymin>
			<ymax>355</ymax>
		</bndbox>
	</object>
</annotation>
