<annotation>
	<folder></folder>
	<filename>CC_548967559_33136_png.rf.559eede5ff2a6bb4b059bb37419751cc.jpg</filename>
	<path>CC_548967559_33136_png.rf.559eede5ff2a6bb4b059bb37419751cc.jpg</path>
	<source>
		<database>roboflow.ai</database>
	</source>
	<size>
		<width>416</width>
		<height>416</height>
		<depth>3</depth>
	</size>
	<segmented>0</segmented>
	<object>
		<name>mammogram</name>
		<pose>Unspecified</pose>
		<truncated>0</truncated>
		<difficult>0</difficult>
		<occluded>0</occluded>
		<bndbox>
			<xmin>141</xmin>
			<xmax>417</xmax>
			<ymin>12</ymin>
			<ymax>400</ymax>
		</bndbox>
	</object>
</annotation>
