<annotation>
	<folder></folder>
	<filename>CC_538_0147DDSM_png.rf.8da20d9652e7ac733df4b509d067797e.jpg</filename>
	<path>CC_538_0147DDSM_png.rf.8da20d9652e7ac733df4b509d067797e.jpg</path>
	<source>
		<database>roboflow.ai</database>
	</source>
	<size>
		<width>416</width>
		<height>416</height>
		<depth>3</depth>
	</size>
	<segmented>0</segmented>
	<object>
		<name>mammogram</name>
		<pose>Unspecified</pose>
		<truncated>0</truncated>
		<difficult>0</difficult>
		<occluded>0</occluded>
		<bndbox>
			<xmin>121</xmin>
			<xmax>417</xmax>
			<ymin>58</ymin>
			<ymax>363</ymax>
		</bndbox>
	</object>
</annotation>
