<annotation>
	<folder></folder>
	<filename>CC_512050581_3161_png.rf.bf66d29a50a241b6d858b64ff3c66741.jpg</filename>
	<path>CC_512050581_3161_png.rf.bf66d29a50a241b6d858b64ff3c66741.jpg</path>
	<source>
		<database>roboflow.ai</database>
	</source>
	<size>
		<width>416</width>
		<height>416</height>
		<depth>3</depth>
	</size>
	<segmented>0</segmented>
	<object>
		<name>mammogram</name>
		<pose>Unspecified</pose>
		<truncated>0</truncated>
		<difficult>0</difficult>
		<occluded>0</occluded>
		<bndbox>
			<xmin>1</xmin>
			<xmax>209</xmax>
			<ymin>10</ymin>
			<ymax>378</ymax>
		</bndbox>
	</object>
</annotation>
