<annotation>
	<folder></folder>
	<filename>CC_512776764_54116_png.rf.434a7ca4c5a4dc1bf943b88b6b2feb36.jpg</filename>
	<path>CC_512776764_54116_png.rf.434a7ca4c5a4dc1bf943b88b6b2feb36.jpg</path>
	<source>
		<database>roboflow.ai</database>
	</source>
	<size>
		<width>416</width>
		<height>416</height>
		<depth>3</depth>
	</size>
	<segmented>0</segmented>
	<object>
		<name>mammogram</name>
		<pose>Unspecified</pose>
		<truncated>0</truncated>
		<difficult>0</difficult>
		<occluded>0</occluded>
		<bndbox>
			<xmin>1</xmin>
			<xmax>157</xmax>
			<ymin>56</ymin>
			<ymax>369</ymax>
		</bndbox>
	</object>
</annotation>
