<annotation>
	<folder></folder>
	<filename>CC_508899078_39747_png.rf.378330e1192391186104af04e5e007ab.jpg</filename>
	<path>CC_508899078_39747_png.rf.378330e1192391186104af04e5e007ab.jpg</path>
	<source>
		<database>roboflow.ai</database>
	</source>
	<size>
		<width>416</width>
		<height>416</height>
		<depth>3</depth>
	</size>
	<segmented>0</segmented>
	<object>
		<name>mammogram</name>
		<pose>Unspecified</pose>
		<truncated>0</truncated>
		<difficult>0</difficult>
		<occluded>0</occluded>
		<bndbox>
			<xmin>1</xmin>
			<xmax>345</xmax>
			<ymin>2</ymin>
			<ymax>413</ymax>
		</bndbox>
	</object>
</annotation>
