<annotation>
	<folder></folder>
	<filename>CC_5096_4602DDSM_png.rf.beb6fbd0b5f739168d072b085aae97ad.jpg</filename>
	<path>CC_5096_4602DDSM_png.rf.beb6fbd0b5f739168d072b085aae97ad.jpg</path>
	<source>
		<database>roboflow.ai</database>
	</source>
	<size>
		<width>416</width>
		<height>416</height>
		<depth>3</depth>
	</size>
	<segmented>0</segmented>
	<object>
		<name>mammogram</name>
		<pose>Unspecified</pose>
		<truncated>0</truncated>
		<difficult>0</difficult>
		<occluded>0</occluded>
		<bndbox>
			<xmin>1</xmin>
			<xmax>355</xmax>
			<ymin>23</ymin>
			<ymax>381</ymax>
		</bndbox>
	</object>
</annotation>
