<annotation>
	<folder></folder>
	<filename>CC_594_0161DDSM_png.rf.7aba5cf7f68f531bb0b36c386a0b756b.jpg</filename>
	<path>CC_594_0161DDSM_png.rf.7aba5cf7f68f531bb0b36c386a0b756b.jpg</path>
	<source>
		<database>roboflow.ai</database>
	</source>
	<size>
		<width>416</width>
		<height>416</height>
		<depth>3</depth>
	</size>
	<segmented>0</segmented>
	<object>
		<name>mammogram</name>
		<pose>Unspecified</pose>
		<truncated>0</truncated>
		<difficult>0</difficult>
		<occluded>0</occluded>
		<bndbox>
			<xmin>143</xmin>
			<xmax>417</xmax>
			<ymin>59</ymin>
			<ymax>388</ymax>
		</bndbox>
	</object>
</annotation>
