<annotation>
	<folder></folder>
	<filename>CC_5018_4580DDSM_png.rf.186e8692b7dda725b70d48f937cfb09a.jpg</filename>
	<path>CC_5018_4580DDSM_png.rf.186e8692b7dda725b70d48f937cfb09a.jpg</path>
	<source>
		<database>roboflow.ai</database>
	</source>
	<size>
		<width>416</width>
		<height>416</height>
		<depth>3</depth>
	</size>
	<segmented>0</segmented>
	<object>
		<name>mammogram</name>
		<pose>Unspecified</pose>
		<truncated>0</truncated>
		<difficult>0</difficult>
		<occluded>0</occluded>
		<bndbox>
			<xmin>172</xmin>
			<xmax>417</xmax>
			<ymin>54</ymin>
			<ymax>358</ymax>
		</bndbox>
	</object>
</annotation>
