<annotation>
	<folder></folder>
	<filename>CC_539150471_45770_png.rf.cef963328b889ab1d9e2be6519ab38c2.jpg</filename>
	<path>CC_539150471_45770_png.rf.cef963328b889ab1d9e2be6519ab38c2.jpg</path>
	<source>
		<database>roboflow.ai</database>
	</source>
	<size>
		<width>416</width>
		<height>416</height>
		<depth>3</depth>
	</size>
	<segmented>0</segmented>
	<object>
		<name>mammogram</name>
		<pose>Unspecified</pose>
		<truncated>0</truncated>
		<difficult>0</difficult>
		<occluded>0</occluded>
		<bndbox>
			<xmin>114</xmin>
			<xmax>417</xmax>
			<ymin>1</ymin>
			<ymax>380</ymax>
		</bndbox>
	</object>
</annotation>
