<annotation>
	<folder></folder>
	<filename>CC_506759176_10925_png.rf.3e1568b45459fc62cb9957e2ebd849d4.jpg</filename>
	<path>CC_506759176_10925_png.rf.3e1568b45459fc62cb9957e2ebd849d4.jpg</path>
	<source>
		<database>roboflow.ai</database>
	</source>
	<size>
		<width>416</width>
		<height>416</height>
		<depth>3</depth>
	</size>
	<segmented>0</segmented>
	<object>
		<name>mammogram</name>
		<pose>Unspecified</pose>
		<truncated>0</truncated>
		<difficult>0</difficult>
		<occluded>0</occluded>
		<bndbox>
			<xmin>225</xmin>
			<xmax>417</xmax>
			<ymin>61</ymin>
			<ymax>384</ymax>
		</bndbox>
	</object>
</annotation>
