<annotation>
	<folder></folder>
	<filename>CC_592525150_61560_png.rf.8ae7a6361b98a86039f16cd4b1b8840f.jpg</filename>
	<path>CC_592525150_61560_png.rf.8ae7a6361b98a86039f16cd4b1b8840f.jpg</path>
	<source>
		<database>roboflow.ai</database>
	</source>
	<size>
		<width>416</width>
		<height>416</height>
		<depth>3</depth>
	</size>
	<segmented>0</segmented>
	<object>
		<name>mammogram</name>
		<pose>Unspecified</pose>
		<truncated>0</truncated>
		<difficult>0</difficult>
		<occluded>0</occluded>
		<bndbox>
			<xmin>1</xmin>
			<xmax>230</xmax>
			<ymin>30</ymin>
			<ymax>350</ymax>
		</bndbox>
	</object>
</annotation>
