<annotation>
	<folder></folder>
	<filename>CC_58132425_21315_png.rf.6377f9b8774a6286a5f72b43b273156a.jpg</filename>
	<path>CC_58132425_21315_png.rf.6377f9b8774a6286a5f72b43b273156a.jpg</path>
	<source>
		<database>roboflow.ai</database>
	</source>
	<size>
		<width>416</width>
		<height>416</height>
		<depth>3</depth>
	</size>
	<segmented>0</segmented>
	<object>
		<name>mammogram</name>
		<pose>Unspecified</pose>
		<truncated>0</truncated>
		<difficult>0</difficult>
		<occluded>0</occluded>
		<bndbox>
			<xmin>204</xmin>
			<xmax>417</xmax>
			<ymin>33</ymin>
			<ymax>360</ymax>
		</bndbox>
	</object>
</annotation>
