<annotation>
	<folder></folder>
	<filename>CC_568569032_17222_png.rf.45d9ced56c300a2cceee3568185a1627.jpg</filename>
	<path>CC_568569032_17222_png.rf.45d9ced56c300a2cceee3568185a1627.jpg</path>
	<source>
		<database>roboflow.ai</database>
	</source>
	<size>
		<width>416</width>
		<height>416</height>
		<depth>3</depth>
	</size>
	<segmented>0</segmented>
	<object>
		<name>mammogram</name>
		<pose>Unspecified</pose>
		<truncated>0</truncated>
		<difficult>0</difficult>
		<occluded>0</occluded>
		<bndbox>
			<xmin>289</xmin>
			<xmax>417</xmax>
			<ymin>52</ymin>
			<ymax>355</ymax>
		</bndbox>
	</object>
</annotation>
