<annotation>
	<folder></folder>
	<filename>CC_543412268_36378_png.rf.07a00d4712100cd99ad18a133fdc73d5.jpg</filename>
	<path>CC_543412268_36378_png.rf.07a00d4712100cd99ad18a133fdc73d5.jpg</path>
	<source>
		<database>roboflow.ai</database>
	</source>
	<size>
		<width>416</width>
		<height>416</height>
		<depth>3</depth>
	</size>
	<segmented>0</segmented>
	<object>
		<name>mammogram</name>
		<pose>Unspecified</pose>
		<truncated>0</truncated>
		<difficult>0</difficult>
		<occluded>0</occluded>
		<bndbox>
			<xmin>237</xmin>
			<xmax>417</xmax>
			<ymin>48</ymin>
			<ymax>372</ymax>
		</bndbox>
	</object>
</annotation>
