<annotation>
	<folder></folder>
	<filename>CC_624_0169DDSM_png.rf.bbd428ba1d033a9b2b86cdc2f54284a6.jpg</filename>
	<path>CC_624_0169DDSM_png.rf.bbd428ba1d033a9b2b86cdc2f54284a6.jpg</path>
	<source>
		<database>roboflow.ai</database>
	</source>
	<size>
		<width>416</width>
		<height>416</height>
		<depth>3</depth>
	</size>
	<segmented>0</segmented>
	<object>
		<name>mammogram</name>
		<pose>Unspecified</pose>
		<truncated>0</truncated>
		<difficult>0</difficult>
		<occluded>0</occluded>
		<bndbox>
			<xmin>1</xmin>
			<xmax>278</xmax>
			<ymin>53</ymin>
			<ymax>368</ymax>
		</bndbox>
	</object>
</annotation>
