<annotation>
	<folder></folder>
	<filename>CC_600108485_36582_png.rf.8781a784d50aa7980fc579a357e49390.jpg</filename>
	<path>CC_600108485_36582_png.rf.8781a784d50aa7980fc579a357e49390.jpg</path>
	<source>
		<database>roboflow.ai</database>
	</source>
	<size>
		<width>416</width>
		<height>416</height>
		<depth>3</depth>
	</size>
	<segmented>0</segmented>
	<object>
		<name>mammogram</name>
		<pose>Unspecified</pose>
		<truncated>0</truncated>
		<difficult>0</difficult>
		<occluded>0</occluded>
		<bndbox>
			<xmin>3</xmin>
			<xmax>229</xmax>
			<ymin>15</ymin>
			<ymax>379</ymax>
		</bndbox>
	</object>
</annotation>
