<annotation>
	<folder></folder>
	<filename>CC_689239659_61877_png.rf.02e3e66b101f99f743c84e91cdaef977.jpg</filename>
	<path>CC_689239659_61877_png.rf.02e3e66b101f99f743c84e91cdaef977.jpg</path>
	<source>
		<database>roboflow.ai</database>
	</source>
	<size>
		<width>416</width>
		<height>416</height>
		<depth>3</depth>
	</size>
	<segmented>0</segmented>
	<object>
		<name>mammogram</name>
		<pose>Unspecified</pose>
		<truncated>0</truncated>
		<difficult>0</difficult>
		<occluded>0</occluded>
		<bndbox>
			<xmin>1</xmin>
			<xmax>198</xmax>
			<ymin>31</ymin>
			<ymax>365</ymax>
		</bndbox>
	</object>
</annotation>
