<annotation>
	<folder></folder>
	<filename>CC_64_0018DDSM_png.rf.917d2d01b4404a9dfffee279959dc919.jpg</filename>
	<path>CC_64_0018DDSM_png.rf.917d2d01b4404a9dfffee279959dc919.jpg</path>
	<source>
		<database>roboflow.ai</database>
	</source>
	<size>
		<width>416</width>
		<height>416</height>
		<depth>3</depth>
	</size>
	<segmented>0</segmented>
	<object>
		<name>mammogram</name>
		<pose>Unspecified</pose>
		<truncated>0</truncated>
		<difficult>0</difficult>
		<occluded>0</occluded>
		<bndbox>
			<xmin>1</xmin>
			<xmax>294</xmax>
			<ymin>26</ymin>
			<ymax>403</ymax>
		</bndbox>
	</object>
</annotation>
