<annotation>
	<folder></folder>
	<filename>CC_662_0179DDSM_png.rf.ff23ca76bce1696b983b9a1a37d7e112.jpg</filename>
	<path>CC_662_0179DDSM_png.rf.ff23ca76bce1696b983b9a1a37d7e112.jpg</path>
	<source>
		<database>roboflow.ai</database>
	</source>
	<size>
		<width>416</width>
		<height>416</height>
		<depth>3</depth>
	</size>
	<segmented>0</segmented>
	<object>
		<name>mammogram</name>
		<pose>Unspecified</pose>
		<truncated>0</truncated>
		<difficult>0</difficult>
		<occluded>0</occluded>
		<bndbox>
			<xmin>250</xmin>
			<xmax>417</xmax>
			<ymin>50</ymin>
			<ymax>356</ymax>
		</bndbox>
	</object>
</annotation>
