<annotation>
	<folder></folder>
	<filename>CC_685239979_28620_png.rf.f7877c18ce0c70bc04c17d90e50e4c37.jpg</filename>
	<path>CC_685239979_28620_png.rf.f7877c18ce0c70bc04c17d90e50e4c37.jpg</path>
	<source>
		<database>roboflow.ai</database>
	</source>
	<size>
		<width>416</width>
		<height>416</height>
		<depth>3</depth>
	</size>
	<segmented>0</segmented>
	<object>
		<name>mammogram</name>
		<pose>Unspecified</pose>
		<truncated>0</truncated>
		<difficult>0</difficult>
		<occluded>0</occluded>
		<bndbox>
			<xmin>188</xmin>
			<xmax>417</xmax>
			<ymin>4</ymin>
			<ymax>394</ymax>
		</bndbox>
	</object>
</annotation>
