<annotation>
	<folder></folder>
	<filename>CC_648_0175DDSM_png.rf.a591cc6b8d6ee8c3249d1a48a7bb6a0a.jpg</filename>
	<path>CC_648_0175DDSM_png.rf.a591cc6b8d6ee8c3249d1a48a7bb6a0a.jpg</path>
	<source>
		<database>roboflow.ai</database>
	</source>
	<size>
		<width>416</width>
		<height>416</height>
		<depth>3</depth>
	</size>
	<segmented>0</segmented>
	<object>
		<name>mammogram</name>
		<pose>Unspecified</pose>
		<truncated>0</truncated>
		<difficult>0</difficult>
		<occluded>0</occluded>
		<bndbox>
			<xmin>1</xmin>
			<xmax>278</xmax>
			<ymin>21</ymin>
			<ymax>348</ymax>
		</bndbox>
	</object>
</annotation>
