<annotation>
	<folder></folder>
	<filename>CC_625719002_63623_png.rf.d84f0b1847f87d13b226b0f6f4c3560c.jpg</filename>
	<path>CC_625719002_63623_png.rf.d84f0b1847f87d13b226b0f6f4c3560c.jpg</path>
	<source>
		<database>roboflow.ai</database>
	</source>
	<size>
		<width>416</width>
		<height>416</height>
		<depth>3</depth>
	</size>
	<segmented>0</segmented>
	<object>
		<name>mammogram</name>
		<pose>Unspecified</pose>
		<truncated>0</truncated>
		<difficult>0</difficult>
		<occluded>0</occluded>
		<bndbox>
			<xmin>181</xmin>
			<xmax>417</xmax>
			<ymin>93</ymin>
			<ymax>378</ymax>
		</bndbox>
	</object>
</annotation>
