<annotation>
	<folder></folder>
	<filename>CC_634_0171DDSM_png.rf.7dddbf1e5d51967edae51a54fd1c2bcd.jpg</filename>
	<path>CC_634_0171DDSM_png.rf.7dddbf1e5d51967edae51a54fd1c2bcd.jpg</path>
	<source>
		<database>roboflow.ai</database>
	</source>
	<size>
		<width>416</width>
		<height>416</height>
		<depth>3</depth>
	</size>
	<segmented>0</segmented>
	<object>
		<name>mammogram</name>
		<pose>Unspecified</pose>
		<truncated>0</truncated>
		<difficult>0</difficult>
		<occluded>0</occluded>
		<bndbox>
			<xmin>86</xmin>
			<xmax>417</xmax>
			<ymin>58</ymin>
			<ymax>373</ymax>
		</bndbox>
	</object>
</annotation>
