<annotation>
	<folder></folder>
	<filename>CC_606839796_62468_png.rf.969e6a615c4a005359701ba583428bc1.jpg</filename>
	<path>CC_606839796_62468_png.rf.969e6a615c4a005359701ba583428bc1.jpg</path>
	<source>
		<database>roboflow.ai</database>
	</source>
	<size>
		<width>416</width>
		<height>416</height>
		<depth>3</depth>
	</size>
	<segmented>0</segmented>
	<object>
		<name>mammogram</name>
		<pose>Unspecified</pose>
		<truncated>0</truncated>
		<difficult>0</difficult>
		<occluded>0</occluded>
		<bndbox>
			<xmin>2</xmin>
			<xmax>251</xmax>
			<ymin>5</ymin>
			<ymax>382</ymax>
		</bndbox>
	</object>
</annotation>
