<annotation>
	<folder></folder>
	<filename>CC_697950433_60629_png.rf.f49a2e1409a7621711cb0b5079387ca3.jpg</filename>
	<path>CC_697950433_60629_png.rf.f49a2e1409a7621711cb0b5079387ca3.jpg</path>
	<source>
		<database>roboflow.ai</database>
	</source>
	<size>
		<width>416</width>
		<height>416</height>
		<depth>3</depth>
	</size>
	<segmented>0</segmented>
	<object>
		<name>mammogram</name>
		<pose>Unspecified</pose>
		<truncated>0</truncated>
		<difficult>0</difficult>
		<occluded>0</occluded>
		<bndbox>
			<xmin>1</xmin>
			<xmax>201</xmax>
			<ymin>31</ymin>
			<ymax>399</ymax>
		</bndbox>
	</object>
</annotation>
