<annotation>
	<folder></folder>
	<filename>CC_696_0188DDSM_png.rf.b4f1a259289cdccdb11dcdf7853f445c.jpg</filename>
	<path>CC_696_0188DDSM_png.rf.b4f1a259289cdccdb11dcdf7853f445c.jpg</path>
	<source>
		<database>roboflow.ai</database>
	</source>
	<size>
		<width>416</width>
		<height>416</height>
		<depth>3</depth>
	</size>
	<segmented>0</segmented>
	<object>
		<name>mammogram</name>
		<pose>Unspecified</pose>
		<truncated>0</truncated>
		<difficult>0</difficult>
		<occluded>0</occluded>
		<bndbox>
			<xmin>1</xmin>
			<xmax>355</xmax>
			<ymin>10</ymin>
			<ymax>404</ymax>
		</bndbox>
	</object>
</annotation>
