<annotation>
	<folder></folder>
	<filename>CC_685597752_42581_png.rf.f5ab66f803eaf168bf7c9046084041ea.jpg</filename>
	<path>CC_685597752_42581_png.rf.f5ab66f803eaf168bf7c9046084041ea.jpg</path>
	<source>
		<database>roboflow.ai</database>
	</source>
	<size>
		<width>416</width>
		<height>416</height>
		<depth>3</depth>
	</size>
	<segmented>0</segmented>
	<object>
		<name>mammogram</name>
		<pose>Unspecified</pose>
		<truncated>0</truncated>
		<difficult>0</difficult>
		<occluded>0</occluded>
		<bndbox>
			<xmin>1</xmin>
			<xmax>237</xmax>
			<ymin>28</ymin>
			<ymax>380</ymax>
		</bndbox>
	</object>
</annotation>
