<annotation>
	<folder></folder>
	<filename>CC_670585328_6333_png.rf.d2e0390bc69a270a6784172975950063.jpg</filename>
	<path>CC_670585328_6333_png.rf.d2e0390bc69a270a6784172975950063.jpg</path>
	<source>
		<database>roboflow.ai</database>
	</source>
	<size>
		<width>416</width>
		<height>416</height>
		<depth>3</depth>
	</size>
	<segmented>0</segmented>
	<object>
		<name>mammogram</name>
		<pose>Unspecified</pose>
		<truncated>0</truncated>
		<difficult>0</difficult>
		<occluded>0</occluded>
		<bndbox>
			<xmin>149</xmin>
			<xmax>417</xmax>
			<ymin>1</ymin>
			<ymax>400</ymax>
		</bndbox>
	</object>
</annotation>
