<annotation>
	<folder></folder>
	<filename>CC_608_0165DDSM_png.rf.89ec71c6a66f6106b24a0d5e13de5f2a.jpg</filename>
	<path>CC_608_0165DDSM_png.rf.89ec71c6a66f6106b24a0d5e13de5f2a.jpg</path>
	<source>
		<database>roboflow.ai</database>
	</source>
	<size>
		<width>416</width>
		<height>416</height>
		<depth>3</depth>
	</size>
	<segmented>0</segmented>
	<object>
		<name>mammogram</name>
		<pose>Unspecified</pose>
		<truncated>0</truncated>
		<difficult>0</difficult>
		<occluded>0</occluded>
		<bndbox>
			<xmin>1</xmin>
			<xmax>258</xmax>
			<ymin>62</ymin>
			<ymax>360</ymax>
		</bndbox>
	</object>
</annotation>
