<annotation>
	<folder></folder>
	<filename>CC_664756059_59347_png.rf.8d37273f5877bcd6b048db023574830c.jpg</filename>
	<path>CC_664756059_59347_png.rf.8d37273f5877bcd6b048db023574830c.jpg</path>
	<source>
		<database>roboflow.ai</database>
	</source>
	<size>
		<width>416</width>
		<height>416</height>
		<depth>3</depth>
	</size>
	<segmented>0</segmented>
	<object>
		<name>mammogram</name>
		<pose>Unspecified</pose>
		<truncated>0</truncated>
		<difficult>0</difficult>
		<occluded>0</occluded>
		<bndbox>
			<xmin>1</xmin>
			<xmax>259</xmax>
			<ymin>18</ymin>
			<ymax>393</ymax>
		</bndbox>
	</object>
</annotation>
