<annotation>
	<folder></folder>
	<filename>CC_628578547_10342_png.rf.d7c5a32853e68cee76f4cea2d9f62b30.jpg</filename>
	<path>CC_628578547_10342_png.rf.d7c5a32853e68cee76f4cea2d9f62b30.jpg</path>
	<source>
		<database>roboflow.ai</database>
	</source>
	<size>
		<width>416</width>
		<height>416</height>
		<depth>3</depth>
	</size>
	<segmented>0</segmented>
	<object>
		<name>mammogram</name>
		<pose>Unspecified</pose>
		<truncated>0</truncated>
		<difficult>0</difficult>
		<occluded>0</occluded>
		<bndbox>
			<xmin>189</xmin>
			<xmax>417</xmax>
			<ymin>35</ymin>
			<ymax>366</ymax>
		</bndbox>
	</object>
</annotation>
