<annotation>
	<folder></folder>
	<filename>CC_797737008_10635_png.rf.167906546d1422d9f07900da112b9c16.jpg</filename>
	<path>CC_797737008_10635_png.rf.167906546d1422d9f07900da112b9c16.jpg</path>
	<source>
		<database>roboflow.ai</database>
	</source>
	<size>
		<width>416</width>
		<height>416</height>
		<depth>3</depth>
	</size>
	<segmented>0</segmented>
	<object>
		<name>mammogram</name>
		<pose>Unspecified</pose>
		<truncated>0</truncated>
		<difficult>0</difficult>
		<occluded>0</occluded>
		<bndbox>
			<xmin>1</xmin>
			<xmax>184</xmax>
			<ymin>43</ymin>
			<ymax>376</ymax>
		</bndbox>
	</object>
</annotation>
