<annotation>
	<folder></folder>
	<filename>CC_758579205_3021_png.rf.c4e1f0b763092fdab1766668ac435741.jpg</filename>
	<path>CC_758579205_3021_png.rf.c4e1f0b763092fdab1766668ac435741.jpg</path>
	<source>
		<database>roboflow.ai</database>
	</source>
	<size>
		<width>416</width>
		<height>416</height>
		<depth>3</depth>
	</size>
	<segmented>0</segmented>
	<object>
		<name>mammogram</name>
		<pose>Unspecified</pose>
		<truncated>0</truncated>
		<difficult>0</difficult>
		<occluded>0</occluded>
		<bndbox>
			<xmin>1</xmin>
			<xmax>198</xmax>
			<ymin>28</ymin>
			<ymax>417</ymax>
		</bndbox>
	</object>
</annotation>
