<annotation>
	<folder></folder>
	<filename>CC_752293679_23128_png.rf.aee66caaefb2f7bffcb0b55eb1c153d9.jpg</filename>
	<path>CC_752293679_23128_png.rf.aee66caaefb2f7bffcb0b55eb1c153d9.jpg</path>
	<source>
		<database>roboflow.ai</database>
	</source>
	<size>
		<width>416</width>
		<height>416</height>
		<depth>3</depth>
	</size>
	<segmented>0</segmented>
	<object>
		<name>mammogram</name>
		<pose>Unspecified</pose>
		<truncated>0</truncated>
		<difficult>0</difficult>
		<occluded>0</occluded>
		<bndbox>
			<xmin>1</xmin>
			<xmax>187</xmax>
			<ymin>1</ymin>
			<ymax>408</ymax>
		</bndbox>
	</object>
</annotation>
