<annotation>
	<folder></folder>
	<filename>CC_724_0195DDSM_png.rf.8500e0a33fba36f6d1bff686b8c48492.jpg</filename>
	<path>CC_724_0195DDSM_png.rf.8500e0a33fba36f6d1bff686b8c48492.jpg</path>
	<source>
		<database>roboflow.ai</database>
	</source>
	<size>
		<width>416</width>
		<height>416</height>
		<depth>3</depth>
	</size>
	<segmented>0</segmented>
	<object>
		<name>mammogram</name>
		<pose>Unspecified</pose>
		<truncated>0</truncated>
		<difficult>0</difficult>
		<occluded>0</occluded>
		<bndbox>
			<xmin>1</xmin>
			<xmax>242</xmax>
			<ymin>38</ymin>
			<ymax>351</ymax>
		</bndbox>
	</object>
</annotation>
