<annotation>
	<folder></folder>
	<filename>CC_730724898_20004_png.rf.000dcee244decc98d054a7195deb2ef6.jpg</filename>
	<path>CC_730724898_20004_png.rf.000dcee244decc98d054a7195deb2ef6.jpg</path>
	<source>
		<database>roboflow.ai</database>
	</source>
	<size>
		<width>416</width>
		<height>416</height>
		<depth>3</depth>
	</size>
	<segmented>0</segmented>
	<object>
		<name>mammogram</name>
		<pose>Unspecified</pose>
		<truncated>0</truncated>
		<difficult>0</difficult>
		<occluded>0</occluded>
		<bndbox>
			<xmin>206</xmin>
			<xmax>417</xmax>
			<ymin>32</ymin>
			<ymax>385</ymax>
		</bndbox>
	</object>
</annotation>
