<annotation>
	<folder></folder>
	<filename>CC_746_0200DDSM_png.rf.78e046f7cd67232a6c4c2d67ed188a60.jpg</filename>
	<path>CC_746_0200DDSM_png.rf.78e046f7cd67232a6c4c2d67ed188a60.jpg</path>
	<source>
		<database>roboflow.ai</database>
	</source>
	<size>
		<width>416</width>
		<height>416</height>
		<depth>3</depth>
	</size>
	<segmented>0</segmented>
	<object>
		<name>mammogram</name>
		<pose>Unspecified</pose>
		<truncated>0</truncated>
		<difficult>0</difficult>
		<occluded>0</occluded>
		<bndbox>
			<xmin>167</xmin>
			<xmax>417</xmax>
			<ymin>38</ymin>
			<ymax>361</ymax>
		</bndbox>
	</object>
</annotation>
