<annotation>
	<folder></folder>
	<filename>CC_748841369_24643_png.rf.d8cbdc7d51c3a743f0e0109014a99236.jpg</filename>
	<path>CC_748841369_24643_png.rf.d8cbdc7d51c3a743f0e0109014a99236.jpg</path>
	<source>
		<database>roboflow.ai</database>
	</source>
	<size>
		<width>416</width>
		<height>416</height>
		<depth>3</depth>
	</size>
	<segmented>0</segmented>
	<object>
		<name>mammogram</name>
		<pose>Unspecified</pose>
		<truncated>0</truncated>
		<difficult>0</difficult>
		<occluded>0</occluded>
		<bndbox>
			<xmin>61</xmin>
			<xmax>417</xmax>
			<ymin>17</ymin>
			<ymax>387</ymax>
		</bndbox>
	</object>
</annotation>
