<annotation>
	<folder></folder>
	<filename>CC_74_0020DDSM_png.rf.e278bd189e889b2cd0a4a3a4bdd905fe.jpg</filename>
	<path>CC_74_0020DDSM_png.rf.e278bd189e889b2cd0a4a3a4bdd905fe.jpg</path>
	<source>
		<database>roboflow.ai</database>
	</source>
	<size>
		<width>416</width>
		<height>416</height>
		<depth>3</depth>
	</size>
	<segmented>0</segmented>
	<object>
		<name>mammogram</name>
		<pose>Unspecified</pose>
		<truncated>0</truncated>
		<difficult>0</difficult>
		<occluded>0</occluded>
		<bndbox>
			<xmin>143</xmin>
			<xmax>417</xmax>
			<ymin>23</ymin>
			<ymax>342</ymax>
		</bndbox>
	</object>
</annotation>
