<annotation>
	<folder></folder>
	<filename>CC_735202245_50328_png.rf.20b2c51c237d5180d964f7e611b277eb.jpg</filename>
	<path>CC_735202245_50328_png.rf.20b2c51c237d5180d964f7e611b277eb.jpg</path>
	<source>
		<database>roboflow.ai</database>
	</source>
	<size>
		<width>416</width>
		<height>416</height>
		<depth>3</depth>
	</size>
	<segmented>0</segmented>
	<object>
		<name>mammogram</name>
		<pose>Unspecified</pose>
		<truncated>0</truncated>
		<difficult>0</difficult>
		<occluded>0</occluded>
		<bndbox>
			<xmin>1</xmin>
			<xmax>97</xmax>
			<ymin>55</ymin>
			<ymax>335</ymax>
		</bndbox>
	</object>
</annotation>
