<annotation>
	<folder></folder>
	<filename>CC_797417834_55302_png.rf.f2a34df29fc593de65ebc1a8682c3868.jpg</filename>
	<path>CC_797417834_55302_png.rf.f2a34df29fc593de65ebc1a8682c3868.jpg</path>
	<source>
		<database>roboflow.ai</database>
	</source>
	<size>
		<width>416</width>
		<height>416</height>
		<depth>3</depth>
	</size>
	<segmented>0</segmented>
	<object>
		<name>mammogram</name>
		<pose>Unspecified</pose>
		<truncated>0</truncated>
		<difficult>0</difficult>
		<occluded>0</occluded>
		<bndbox>
			<xmin>1</xmin>
			<xmax>225</xmax>
			<ymin>40</ymin>
			<ymax>417</ymax>
		</bndbox>
	</object>
</annotation>
