<annotation>
	<folder></folder>
	<filename>CC_770949481_16272_png.rf.a5311c3f927eeb9904ed3724d85760b7.jpg</filename>
	<path>CC_770949481_16272_png.rf.a5311c3f927eeb9904ed3724d85760b7.jpg</path>
	<source>
		<database>roboflow.ai</database>
	</source>
	<size>
		<width>416</width>
		<height>416</height>
		<depth>3</depth>
	</size>
	<segmented>0</segmented>
	<object>
		<name>mammogram</name>
		<pose>Unspecified</pose>
		<truncated>0</truncated>
		<difficult>0</difficult>
		<occluded>0</occluded>
		<bndbox>
			<xmin>189</xmin>
			<xmax>417</xmax>
			<ymin>9</ymin>
			<ymax>417</ymax>
		</bndbox>
	</object>
</annotation>
