<annotation>
	<folder></folder>
	<filename>CC_835777184_12918_png.rf.a36d55ae0f2216f184463337adeda9ba.jpg</filename>
	<path>CC_835777184_12918_png.rf.a36d55ae0f2216f184463337adeda9ba.jpg</path>
	<source>
		<database>roboflow.ai</database>
	</source>
	<size>
		<width>416</width>
		<height>416</height>
		<depth>3</depth>
	</size>
	<segmented>0</segmented>
	<object>
		<name>mammogram</name>
		<pose>Unspecified</pose>
		<truncated>0</truncated>
		<difficult>0</difficult>
		<occluded>0</occluded>
		<bndbox>
			<xmin>1</xmin>
			<xmax>126</xmax>
			<ymin>33</ymin>
			<ymax>334</ymax>
		</bndbox>
	</object>
</annotation>
