<annotation>
	<folder></folder>
	<filename>CC_811649706_5235_png.rf.a642ee24c5c833002fa4ae24e23a3486.jpg</filename>
	<path>CC_811649706_5235_png.rf.a642ee24c5c833002fa4ae24e23a3486.jpg</path>
	<source>
		<database>roboflow.ai</database>
	</source>
	<size>
		<width>416</width>
		<height>416</height>
		<depth>3</depth>
	</size>
	<segmented>0</segmented>
	<object>
		<name>mammogram</name>
		<pose>Unspecified</pose>
		<truncated>0</truncated>
		<difficult>0</difficult>
		<occluded>0</occluded>
		<bndbox>
			<xmin>1</xmin>
			<xmax>275</xmax>
			<ymin>2</ymin>
			<ymax>417</ymax>
		</bndbox>
	</object>
</annotation>
