<annotation>
	<folder></folder>
	<filename>CC_830_0224DDSM_png.rf.7a9c5bb4b989d7f3cca1b51d16c902b9.jpg</filename>
	<path>CC_830_0224DDSM_png.rf.7a9c5bb4b989d7f3cca1b51d16c902b9.jpg</path>
	<source>
		<database>roboflow.ai</database>
	</source>
	<size>
		<width>416</width>
		<height>416</height>
		<depth>3</depth>
	</size>
	<segmented>0</segmented>
	<object>
		<name>mammogram</name>
		<pose>Unspecified</pose>
		<truncated>0</truncated>
		<difficult>0</difficult>
		<occluded>0</occluded>
		<bndbox>
			<xmin>111</xmin>
			<xmax>417</xmax>
			<ymin>27</ymin>
			<ymax>364</ymax>
		</bndbox>
	</object>
</annotation>
