<annotation>
	<folder></folder>
	<filename>CC_891734084_28057_png.rf.a94e2649e165e52f2fa72fed97eae6e5.jpg</filename>
	<path>CC_891734084_28057_png.rf.a94e2649e165e52f2fa72fed97eae6e5.jpg</path>
	<source>
		<database>roboflow.ai</database>
	</source>
	<size>
		<width>416</width>
		<height>416</height>
		<depth>3</depth>
	</size>
	<segmented>0</segmented>
	<object>
		<name>mammogram</name>
		<pose>Unspecified</pose>
		<truncated>0</truncated>
		<difficult>0</difficult>
		<occluded>0</occluded>
		<bndbox>
			<xmin>1</xmin>
			<xmax>207</xmax>
			<ymin>1</ymin>
			<ymax>392</ymax>
		</bndbox>
	</object>
</annotation>
