<annotation>
	<folder></folder>
	<filename>CC_864_0339DDSM_png.rf.c21765fffc5ea433e32f906628d7877f.jpg</filename>
	<path>CC_864_0339DDSM_png.rf.c21765fffc5ea433e32f906628d7877f.jpg</path>
	<source>
		<database>roboflow.ai</database>
	</source>
	<size>
		<width>416</width>
		<height>416</height>
		<depth>3</depth>
	</size>
	<segmented>0</segmented>
	<object>
		<name>mammogram</name>
		<pose>Unspecified</pose>
		<truncated>0</truncated>
		<difficult>0</difficult>
		<occluded>0</occluded>
		<bndbox>
			<xmin>1</xmin>
			<xmax>314</xmax>
			<ymin>19</ymin>
			<ymax>360</ymax>
		</bndbox>
	</object>
</annotation>
