<annotation>
	<folder></folder>
	<filename>CC_892_0350DDSM_png.rf.19ef5fa5bb729608cce020df99d16cbb.jpg</filename>
	<path>CC_892_0350DDSM_png.rf.19ef5fa5bb729608cce020df99d16cbb.jpg</path>
	<source>
		<database>roboflow.ai</database>
	</source>
	<size>
		<width>416</width>
		<height>416</height>
		<depth>3</depth>
	</size>
	<segmented>0</segmented>
	<object>
		<name>mammogram</name>
		<pose>Unspecified</pose>
		<truncated>0</truncated>
		<difficult>0</difficult>
		<occluded>0</occluded>
		<bndbox>
			<xmin>1</xmin>
			<xmax>250</xmax>
			<ymin>34</ymin>
			<ymax>382</ymax>
		</bndbox>
	</object>
</annotation>
