<annotation>
	<folder></folder>
	<filename>CC_864613243_55095_png.rf.8b4a0e089a5f75b7ecbf2214e4c7ab17.jpg</filename>
	<path>CC_864613243_55095_png.rf.8b4a0e089a5f75b7ecbf2214e4c7ab17.jpg</path>
	<source>
		<database>roboflow.ai</database>
	</source>
	<size>
		<width>416</width>
		<height>416</height>
		<depth>3</depth>
	</size>
	<segmented>0</segmented>
	<object>
		<name>mammogram</name>
		<pose>Unspecified</pose>
		<truncated>0</truncated>
		<difficult>0</difficult>
		<occluded>0</occluded>
		<bndbox>
			<xmin>77</xmin>
			<xmax>417</xmax>
			<ymin>2</ymin>
			<ymax>385</ymax>
		</bndbox>
	</object>
</annotation>
