<annotation>
	<folder></folder>
	<filename>CC_842_0228DDSM_png.rf.38cccdacf1ab491e98fb4afd4d58e300.jpg</filename>
	<path>CC_842_0228DDSM_png.rf.38cccdacf1ab491e98fb4afd4d58e300.jpg</path>
	<source>
		<database>roboflow.ai</database>
	</source>
	<size>
		<width>416</width>
		<height>416</height>
		<depth>3</depth>
	</size>
	<segmented>0</segmented>
	<object>
		<name>mammogram</name>
		<pose>Unspecified</pose>
		<truncated>0</truncated>
		<difficult>0</difficult>
		<occluded>0</occluded>
		<bndbox>
			<xmin>114</xmin>
			<xmax>417</xmax>
			<ymin>22</ymin>
			<ymax>376</ymax>
		</bndbox>
	</object>
</annotation>
