<annotation>
	<folder></folder>
	<filename>CC_850798798_46274_png.rf.59c22d857790a732893d3e37dfb03b58.jpg</filename>
	<path>CC_850798798_46274_png.rf.59c22d857790a732893d3e37dfb03b58.jpg</path>
	<source>
		<database>roboflow.ai</database>
	</source>
	<size>
		<width>416</width>
		<height>416</height>
		<depth>3</depth>
	</size>
	<segmented>0</segmented>
	<object>
		<name>mammogram</name>
		<pose>Unspecified</pose>
		<truncated>0</truncated>
		<difficult>0</difficult>
		<occluded>0</occluded>
		<bndbox>
			<xmin>1</xmin>
			<xmax>237</xmax>
			<ymin>12</ymin>
			<ymax>417</ymax>
		</bndbox>
	</object>
</annotation>
