<annotation>
	<folder></folder>
	<filename>CC_813681757_34204_png.rf.2ad02dc948ff6edaf5e6e0a05dfe5604.jpg</filename>
	<path>CC_813681757_34204_png.rf.2ad02dc948ff6edaf5e6e0a05dfe5604.jpg</path>
	<source>
		<database>roboflow.ai</database>
	</source>
	<size>
		<width>416</width>
		<height>416</height>
		<depth>3</depth>
	</size>
	<segmented>0</segmented>
	<object>
		<name>mammogram</name>
		<pose>Unspecified</pose>
		<truncated>0</truncated>
		<difficult>0</difficult>
		<occluded>0</occluded>
		<bndbox>
			<xmin>287</xmin>
			<xmax>417</xmax>
			<ymin>70</ymin>
			<ymax>355</ymax>
		</bndbox>
	</object>
</annotation>
