<annotation>
	<folder></folder>
	<filename>CC_874812410_48368_png.rf.2f6304a63a091c219d2a1348d71ab17a.jpg</filename>
	<path>CC_874812410_48368_png.rf.2f6304a63a091c219d2a1348d71ab17a.jpg</path>
	<source>
		<database>roboflow.ai</database>
	</source>
	<size>
		<width>416</width>
		<height>416</height>
		<depth>3</depth>
	</size>
	<segmented>0</segmented>
	<object>
		<name>mammogram</name>
		<pose>Unspecified</pose>
		<truncated>0</truncated>
		<difficult>0</difficult>
		<occluded>0</occluded>
		<bndbox>
			<xmin>189</xmin>
			<xmax>417</xmax>
			<ymin>23</ymin>
			<ymax>372</ymax>
		</bndbox>
	</object>
</annotation>
