<annotation>
	<folder></folder>
	<filename>CC_823790196_24824_png.rf.7556be27e56179a8876a117656ae5645.jpg</filename>
	<path>CC_823790196_24824_png.rf.7556be27e56179a8876a117656ae5645.jpg</path>
	<source>
		<database>roboflow.ai</database>
	</source>
	<size>
		<width>416</width>
		<height>416</height>
		<depth>3</depth>
	</size>
	<segmented>0</segmented>
	<object>
		<name>mammogram</name>
		<pose>Unspecified</pose>
		<truncated>0</truncated>
		<difficult>0</difficult>
		<occluded>0</occluded>
		<bndbox>
			<xmin>1</xmin>
			<xmax>256</xmax>
			<ymin>55</ymin>
			<ymax>378</ymax>
		</bndbox>
	</object>
</annotation>
