<annotation>
	<folder></folder>
	<filename>CC_87674192_3670_png.rf.093c840cd33bb6878d43f80685c2cb1c.jpg</filename>
	<path>CC_87674192_3670_png.rf.093c840cd33bb6878d43f80685c2cb1c.jpg</path>
	<source>
		<database>roboflow.ai</database>
	</source>
	<size>
		<width>416</width>
		<height>416</height>
		<depth>3</depth>
	</size>
	<segmented>0</segmented>
	<object>
		<name>mammogram</name>
		<pose>Unspecified</pose>
		<truncated>0</truncated>
		<difficult>0</difficult>
		<occluded>0</occluded>
		<bndbox>
			<xmin>189</xmin>
			<xmax>417</xmax>
			<ymin>72</ymin>
			<ymax>399</ymax>
		</bndbox>
	</object>
</annotation>
