<annotation>
	<folder></folder>
	<filename>CC_851839132_27823_png.rf.3d3be906fe1717fc2fb74e390e8d4994.jpg</filename>
	<path>CC_851839132_27823_png.rf.3d3be906fe1717fc2fb74e390e8d4994.jpg</path>
	<source>
		<database>roboflow.ai</database>
	</source>
	<size>
		<width>416</width>
		<height>416</height>
		<depth>3</depth>
	</size>
	<segmented>0</segmented>
	<object>
		<name>mammogram</name>
		<pose>Unspecified</pose>
		<truncated>0</truncated>
		<difficult>0</difficult>
		<occluded>0</occluded>
		<bndbox>
			<xmin>132</xmin>
			<xmax>416</xmax>
			<ymin>6</ymin>
			<ymax>389</ymax>
		</bndbox>
	</object>
</annotation>
