<annotation>
	<folder></folder>
	<filename>CC_927910833_58084_png.rf.4039132a4dbfd5c882fb3d901a1fb3e3.jpg</filename>
	<path>CC_927910833_58084_png.rf.4039132a4dbfd5c882fb3d901a1fb3e3.jpg</path>
	<source>
		<database>roboflow.ai</database>
	</source>
	<size>
		<width>416</width>
		<height>416</height>
		<depth>3</depth>
	</size>
	<segmented>0</segmented>
	<object>
		<name>mammogram</name>
		<pose>Unspecified</pose>
		<truncated>0</truncated>
		<difficult>0</difficult>
		<occluded>0</occluded>
		<bndbox>
			<xmin>1</xmin>
			<xmax>258</xmax>
			<ymin>48</ymin>
			<ymax>413</ymax>
		</bndbox>
	</object>
</annotation>
