<annotation>
	<folder></folder>
	<filename>CC_95958525_28530_png.rf.9e4615de2161cab588f66f842255bb52.jpg</filename>
	<path>CC_95958525_28530_png.rf.9e4615de2161cab588f66f842255bb52.jpg</path>
	<source>
		<database>roboflow.ai</database>
	</source>
	<size>
		<width>416</width>
		<height>416</height>
		<depth>3</depth>
	</size>
	<segmented>0</segmented>
	<object>
		<name>mammogram</name>
		<pose>Unspecified</pose>
		<truncated>0</truncated>
		<difficult>0</difficult>
		<occluded>0</occluded>
		<bndbox>
			<xmin>1</xmin>
			<xmax>245</xmax>
			<ymin>22</ymin>
			<ymax>335</ymax>
		</bndbox>
	</object>
</annotation>
