<annotation>
	<folder></folder>
	<filename>CC_953630878_7964_png.rf.5db987397d3ba6efc8547cfc1dc315e6.jpg</filename>
	<path>CC_953630878_7964_png.rf.5db987397d3ba6efc8547cfc1dc315e6.jpg</path>
	<source>
		<database>roboflow.ai</database>
	</source>
	<size>
		<width>416</width>
		<height>416</height>
		<depth>3</depth>
	</size>
	<segmented>0</segmented>
	<object>
		<name>mammogram</name>
		<pose>Unspecified</pose>
		<truncated>0</truncated>
		<difficult>0</difficult>
		<occluded>0</occluded>
		<bndbox>
			<xmin>276</xmin>
			<xmax>417</xmax>
			<ymin>11</ymin>
			<ymax>385</ymax>
		</bndbox>
	</object>
</annotation>
