<annotation>
	<folder></folder>
	<filename>CC_981350543_826_png.rf.a367a514c60b097c9dfb9013f0a548ba.jpg</filename>
	<path>CC_981350543_826_png.rf.a367a514c60b097c9dfb9013f0a548ba.jpg</path>
	<source>
		<database>roboflow.ai</database>
	</source>
	<size>
		<width>416</width>
		<height>416</height>
		<depth>3</depth>
	</size>
	<segmented>0</segmented>
	<object>
		<name>mammogram</name>
		<pose>Unspecified</pose>
		<truncated>0</truncated>
		<difficult>0</difficult>
		<occluded>0</occluded>
		<bndbox>
			<xmin>1</xmin>
			<xmax>208</xmax>
			<ymin>44</ymin>
			<ymax>339</ymax>
		</bndbox>
	</object>
</annotation>
