<annotation>
	<folder></folder>
	<filename>CC_903730178_45137_png.rf.963275f9730d2736522482ae7d0bfb8f.jpg</filename>
	<path>CC_903730178_45137_png.rf.963275f9730d2736522482ae7d0bfb8f.jpg</path>
	<source>
		<database>roboflow.ai</database>
	</source>
	<size>
		<width>416</width>
		<height>416</height>
		<depth>3</depth>
	</size>
	<segmented>0</segmented>
	<object>
		<name>mammogram</name>
		<pose>Unspecified</pose>
		<truncated>0</truncated>
		<difficult>0</difficult>
		<occluded>0</occluded>
		<bndbox>
			<xmin>1</xmin>
			<xmax>188</xmax>
			<ymin>13</ymin>
			<ymax>374</ymax>
		</bndbox>
	</object>
</annotation>
