<annotation>
	<folder></folder>
	<filename>CC_91223965_53124_png.rf.602d3e8195a241e0da38dbfe1d97cfc7.jpg</filename>
	<path>CC_91223965_53124_png.rf.602d3e8195a241e0da38dbfe1d97cfc7.jpg</path>
	<source>
		<database>roboflow.ai</database>
	</source>
	<size>
		<width>416</width>
		<height>416</height>
		<depth>3</depth>
	</size>
	<segmented>0</segmented>
	<object>
		<name>mammogram</name>
		<pose>Unspecified</pose>
		<truncated>0</truncated>
		<difficult>0</difficult>
		<occluded>0</occluded>
		<bndbox>
			<xmin>156</xmin>
			<xmax>417</xmax>
			<ymin>32</ymin>
			<ymax>372</ymax>
		</bndbox>
	</object>
</annotation>
