<annotation>
	<folder></folder>
	<filename>CC_908762663_25662_png.rf.fc62cb65e1714f74324afcccbc904530.jpg</filename>
	<path>CC_908762663_25662_png.rf.fc62cb65e1714f74324afcccbc904530.jpg</path>
	<source>
		<database>roboflow.ai</database>
	</source>
	<size>
		<width>416</width>
		<height>416</height>
		<depth>3</depth>
	</size>
	<segmented>0</segmented>
	<object>
		<name>mammogram</name>
		<pose>Unspecified</pose>
		<truncated>0</truncated>
		<difficult>0</difficult>
		<occluded>0</occluded>
		<bndbox>
			<xmin>1</xmin>
			<xmax>236</xmax>
			<ymin>52</ymin>
			<ymax>380</ymax>
		</bndbox>
	</object>
</annotation>
