<annotation>
	<folder></folder>
	<filename>CC_972684809_57444_png.rf.19761655e2b33fb1b4fe0483449c7f7c.jpg</filename>
	<path>CC_972684809_57444_png.rf.19761655e2b33fb1b4fe0483449c7f7c.jpg</path>
	<source>
		<database>roboflow.ai</database>
	</source>
	<size>
		<width>416</width>
		<height>416</height>
		<depth>3</depth>
	</size>
	<segmented>0</segmented>
	<object>
		<name>mammogram</name>
		<pose>Unspecified</pose>
		<truncated>0</truncated>
		<difficult>0</difficult>
		<occluded>0</occluded>
		<bndbox>
			<xmin>185</xmin>
			<xmax>417</xmax>
			<ymin>70</ymin>
			<ymax>374</ymax>
		</bndbox>
	</object>
</annotation>
