<annotation>
	<folder></folder>
	<filename>CC_953022973_31745_png.rf.74d55eba12cedd8c948eae1ebc68545a.jpg</filename>
	<path>CC_953022973_31745_png.rf.74d55eba12cedd8c948eae1ebc68545a.jpg</path>
	<source>
		<database>roboflow.ai</database>
	</source>
	<size>
		<width>416</width>
		<height>416</height>
		<depth>3</depth>
	</size>
	<segmented>0</segmented>
	<object>
		<name>mammogram</name>
		<pose>Unspecified</pose>
		<truncated>0</truncated>
		<difficult>0</difficult>
		<occluded>0</occluded>
		<bndbox>
			<xmin>1</xmin>
			<xmax>332</xmax>
			<ymin>5</ymin>
			<ymax>416</ymax>
		</bndbox>
	</object>
</annotation>
