<annotation>
	<folder></folder>
	<filename>CC_940_1399DDSM_png.rf.70a811cfee6027ed9c6369192d00fd09.jpg</filename>
	<path>CC_940_1399DDSM_png.rf.70a811cfee6027ed9c6369192d00fd09.jpg</path>
	<source>
		<database>roboflow.ai</database>
	</source>
	<size>
		<width>416</width>
		<height>416</height>
		<depth>3</depth>
	</size>
	<segmented>0</segmented>
	<object>
		<name>mammogram</name>
		<pose>Unspecified</pose>
		<truncated>0</truncated>
		<difficult>0</difficult>
		<occluded>0</occluded>
		<bndbox>
			<xmin>92</xmin>
			<xmax>417</xmax>
			<ymin>12</ymin>
			<ymax>367</ymax>
		</bndbox>
	</object>
</annotation>
