<annotation>
	<folder></folder>
	<filename>CC_905190921_18831_png.rf.0135b0d2ea0609695730888f2ff6353d.jpg</filename>
	<path>CC_905190921_18831_png.rf.0135b0d2ea0609695730888f2ff6353d.jpg</path>
	<source>
		<database>roboflow.ai</database>
	</source>
	<size>
		<width>416</width>
		<height>416</height>
		<depth>3</depth>
	</size>
	<segmented>0</segmented>
	<object>
		<name>mammogram</name>
		<pose>Unspecified</pose>
		<truncated>0</truncated>
		<difficult>0</difficult>
		<occluded>0</occluded>
		<bndbox>
			<xmin>174</xmin>
			<xmax>417</xmax>
			<ymin>17</ymin>
			<ymax>391</ymax>
		</bndbox>
	</object>
</annotation>
