<annotation>
	<folder></folder>
	<filename>CC_920069633_55879_png.rf.13355d24c781d86460c9ecad910e1069.jpg</filename>
	<path>CC_920069633_55879_png.rf.13355d24c781d86460c9ecad910e1069.jpg</path>
	<source>
		<database>roboflow.ai</database>
	</source>
	<size>
		<width>416</width>
		<height>416</height>
		<depth>3</depth>
	</size>
	<segmented>0</segmented>
	<object>
		<name>mammogram</name>
		<pose>Unspecified</pose>
		<truncated>0</truncated>
		<difficult>0</difficult>
		<occluded>0</occluded>
		<bndbox>
			<xmin>120</xmin>
			<xmax>417</xmax>
			<ymin>17</ymin>
			<ymax>405</ymax>
		</bndbox>
	</object>
</annotation>
