<annotation>
	<folder></folder>
	<filename>CC_917214337_13785_png.rf.eae8c873dcb14481f7251121957049ff.jpg</filename>
	<path>CC_917214337_13785_png.rf.eae8c873dcb14481f7251121957049ff.jpg</path>
	<source>
		<database>roboflow.ai</database>
	</source>
	<size>
		<width>416</width>
		<height>416</height>
		<depth>3</depth>
	</size>
	<segmented>0</segmented>
	<object>
		<name>mammogram</name>
		<pose>Unspecified</pose>
		<truncated>0</truncated>
		<difficult>0</difficult>
		<occluded>0</occluded>
		<bndbox>
			<xmin>1</xmin>
			<xmax>264</xmax>
			<ymin>9</ymin>
			<ymax>364</ymax>
		</bndbox>
	</object>
</annotation>
